namelist_title,namelist_author,namelist_id,an_assault_army,an_beast_army,an_clone_army,an_generic_army,an_industrial_army,an_occupation_army,an_postatomic_army,an_primitive_army,an_psionic_army,an_robotic_army,an_robotic_defense_army,an_robotic_occupation_army,an_slave_army,an_xenomorph_army,cn_first_names_female,cn_first_names_male,cn_regnal_first_names_female,cn_regnal_first_names_male,cn_regnal_second_names,cn_second_names,fn_fleet_names,fn_random_names,pn_alpine_planets,pn_arctic_planets,pn_arid_planets,pn_continental_planets,pn_desert_planets,pn_gaia_planets,pn_generic_planets,pn_ocean_planets,pn_savannah_planets,pn_tropical_planets,pn_tundra_planets,sn_battleship,sn_battle_cruiser,sn_carrier,sn_colonizer,sn_colossus,sn_construction_cruiser,sn_constructor,sn_corvette,sn_cruiser,sn_destroyer,sn_dreadnought,sn_frigate,sn_escort_carrier,sn_exploration_ship,sn_flagship,sn_generic,sn_headquarters,sn_ion_cannon,sn_light_carrier,sn_military_station_large,sn_military_station_medium,sn_military_station_small,sn_science,sn_science_cruiser,sn_sponsored_colonizer,sn_striker_cruiser,sn_superdreadnought,sn_titan,sn_transport,sn_xl_cannon
Ancient Egyptian (ONL),osiris,ancientegypt,$ORD$ Chosen of Horus,$ORD$ Chosen of Hathor,$ORD$ Born of Amunet,$ORD$ Chosen of Ra,$ORD$ Chosen of Osiris,$ORD$ Chosen of Set,$ORD$ Chosen of Atun,$ORD$ Chosen of Selkis,$ORD$ Gifted of Ra,$ORD$ Servants of Ra,$ORD$ Servants of Osiris,$ORD$ Servants of Set,$ORD$ Slaves of Set,$ORD$ Spawn of Set,Aat,Akhom,Merneith,"Djoser,",Lord of Worlds,,$ORD$ Disciples of Horus,Amuns Chosen,,,,,,,Thebes,,,,,Isis,Anubis,Horus,Anuket,Amun-Ra,,Ptah,Karnak,Bastet,Selkis,Osiris,Taffeh,,Aker,Ra,,,Gaze of Ra,,,,,Imhotep,Thoth,,Set,,Amun,Khonsu,Light of Ra
,,,,,,,,,,,,,,,,,Ahhotep,Amasis,Sobekneferu,"Khufu,",Beloved of Ra,,,Anhurs Arrow,,,,,,,Memphis,,,,,Nephthys,Sobek,Hathor,,,,,Dendur,Sia,Serket,,Saqqara,,,,,,,,,,,,,,,,,,
,,,,,,,,,,,,,,,,,Amenirdis,Amenmesse,Hatshepsut,"Thutmose,",The Enduring,,,Anubiss Scourge,,,,,,,Amarna,,,,,Maat,Sekhmet,Menhit,,,,,Dakka,Neith,,,Sphinx,,,,,,,,,,,,,,,,,,
,,,,,,,,,,,,,,,,,Aneksi,Amenmose,Nefertiti,"Amenhotep,",Sacred of Appearance,,,Atens Light,,,,,,,Abydos,,,,,,,,,,,,Kom Ombo,,,,,,,,,,,,,,,,,,,,,,
,,,,,,,,,,,,,,,,,Ankhenespepi,Amennakht,Cleopatra,"Akhenaten,",Of the Two Ladies,,,Atums Brilliance,,,,,,,Apis,,,,,,,,,,,,,,,,,,,,,,,,,,,,,,,,,,
,,,,,,,,,,,,,,,,,Ankhesenamun,Amenophis,Neferirkare,"Tutankhamun,",Mighty of Kas,,,Bennus Fire,,,,,,,Setennu,,,,,,,,,,,,,,,,,,,,,,,,,,,,,,,,,,
,,,,,,,,,,,,,,,,,Ankhesenpaaten,Ameny,Aya,"Remesses,",Divine in Appearance,,,Gebs Stone,,,,,,,Tao,,,,,,,,,,,,,,,,,,,,,,,,,,,,,,,,,,
,,,,,,,,,,,,,,,,,Anpuhotep,Amun-her-khepeshef,,"Sekhemket,",Giver of Life,,,Hapis Deluge,,,,,,,Per-Hathor,,,,,,,,,,,,,,,,,,,,,,,,,,,,,,,,,,
,,,,,,,,,,,,,,,,,Baketmut,Amun-her-wenemef,,"Snefru,",Light of Ra,,,Horuss Call,,,,,,,Kom Ombo,,,,,,,,,,,,,,,,,,,,,,,,,,,,,,,,,,
,,,,,,,,,,,,,,,,,Beketamun,Ankh-ef-en-khonsu,,"Khafre,",Spirit of Aten,,,Khepris Guard,,,,,,,Swenett,,,,,,,,,,,,,,,,,,,,,,,,,,,,,,,,,,
,,,,,,,,,,,,,,,,,Beketaten,Ankhefensekhmet,,"Menkaure,",The Grand Architect,,,Khnums Ram,,,,,,,Hieracon,,,,,,,,,,,,,,,,,,,,,,,,,,,,,,,,,,
,,,,,,,,,,,,,,,,,Benerib,Ankhkherednefer,,"Mentuhotep,",Tamer of Worlds,,,Khonsus Halo,,,,,,,Avaris,,,,,,,,,,,,,,,,,,,,,,,,,,,,,,,,,,
,,,,,,,,,,,,,,,,,Betrest,Anpuhotep,,"Tao,",Utterance of Osiris,,,Maahess Roar,,,,,,,Tayu-djayet,,,,,,,,,,,,,,,,,,,,,,,,,,,,,,,,,,
,,,,,,,,,,,,,,,,,Bintanath,Apophis,,"Kamose,",The Fighting Hawk,,,Montus Khopesh,,,,,,,Djedet,,,,,,,,,,,,,,,,,,,,,,,,,,,,,,,,,,
,,,,,,,,,,,,,,,,,Djedjetamen,Ay,,"Ptolemy,",Lord of the Stars,,,Osiriss Reborn,,,,,,,Edfu,,,,,,,,,,,,,,,,,,,,,,,,,,,,,,,,,,
,,,,,,,,,,,,,,,,,Djefatnebti,Bakenkhonsu,,"Inaros,",Osirian Protector,,,Ras Radiance,,,,,,,Khem,,,,,,,,,,,,,,,,,,,,,,,,,,,,,,,,,,
,,,,,,,,,,,,,,,,,Djeseretnebti,Bakenranef,,"Seti,",Guardian of the Gods,,,Sets Wrath,,,,,,,Khasut,,,,,,,,,,,,,,,,,,,,,,,,,,,,,,,,,,
,,,,,,,,,,,,,,,,,Duathathor,Bardiya,,,Blessed of Isis,,,Shus Tempest,,,,,,,Hebenu,,,,,,,,,,,,,,,,,,,,,,,,,,,,,,,,,,
,,,,,,,,,,,,,,,,,Gautseshen,Baufra,,,Eye of Horus,,,Sobeks Bite,,,,,,,Qus,,,,,,,,,,,,,,,,,,,,,,,,,,,,,,,,,,
,,,,,,,,,,,,,,,,,Haankhes,Chephren,,,,,,Sopdus Gale,,,,,,,Thinis,,,,,,,,,,,,,,,,,,,,,,,,,,,,,,,,,,
,,,,,,,,,,,,,,,,,Hathorhotep,Djedefhor,,,,,,Thoths Wisdom,,,,,,,Zau,,,,,,,,,,,,,,,,,,,,,,,,,,,,,,,,,,
,,,,,,,,,,,,,,,,,Hbnj,Djedefptah,,,,,,Wadjs Wave,,,,,,,Pachnamunis,,,,,,,,,,,,,,,,,,,,,,,,,,,,,,,,,,
,,,,,,,,,,,,,,,,,Hbny,Djedefre,,,,,,Amunets Heirs,,,,,,,Nekhen,,,,,,,,,,,,,,,,,,,,,,,,,,,,,,,,,,
,,,,,,,,,,,,,,,,,Hekenuhedjet,Djedhor,,,,,,Anukets Bow,,,,,,,Shashotep,,,,,,,,,,,,,,,,,,,,,,,,,,,,,,,,,,
,,,,,,,,,,,,,,,,,Henutmehyt,Djedkare,,,,,,Bastets Grace,,,,,,,Per-Wadjet,,,,,,,,,,,,,,,,,,,,,,,,,,,,,,,,,,
,,,,,,,,,,,,,,,,,Henutmire,Djehutihotep,,,,,,Hathors Splendor,,,,,,,Iken,,,,,,,,,,,,,,,,,,,,,,,,,,,,,,,,,,
,,,,,,,,,,,,,,,,,Henutsekhemu,Djoser,,,,,,Isiss Blessed,,,,,,,Djerty,,,,,,,,,,,,,,,,,,,,,,,,,,,,,,,,,,
,,,,,,,,,,,,,,,,,Henutsen,Harsiese,,,,,,Maats Justice,,,,,,,Herwer,,,,,,,,,,,,,,,,,,,,,,,,,,,,,,,,,,
,,,,,,,,,,,,,,,,,Henuttadesh,Heqaib,,,,,,Menhits Thunder,,,,,,,Canopus,,,,,,,,,,,,,,,,,,,,,,,,,,,,,,,,,,
,,,,,,,,,,,,,,,,,Henuttamehu,Hordjedef,,,,,,Neiths Hunt,,,,,,,Shedet,,,,,,,,,,,,,,,,,,,,,,,,,,,,,,,,,,
,,,,,,,,,,,,,,,,,Henuttaneb,Horemheb,,,,,,Satets Pioneers,,,,,,,Soknopaiou Nesos,,,,,,,,,,,,,,,,,,,,,,,,,,,,,,,,,,
,,,,,,,,,,,,,,,,,Henuttawy,Hotepsekhemwy,,,,,,Sekhmets Guardians,,,,,,,Ipu,,,,,,,,,,,,,,,,,,,,,,,,,,,,,,,,,,
,,,,,,,,,,,,,,,,,Herneith,Ibi,,,,,,Tefnuts Typhoon,,,,,,,Koptos,,,,,,,,,,,,,,,,,,,,,,,,,,,,,,,,,,
,,,,,,,,,,,,,,,,,Hetepenamun,Idu,,,,,,Wadjets Hiss,,,,,,,Chenem-Waset,,,,,,,,,,,,,,,,,,,,,,,,,,,,,,,,,,
,,,,,,,,,,,,,,,,,Hetepheres,Imoúthēs,,,,,,Selkiss Sting,,,,,,,Per-Atum,,,,,,,,,,,,,,,,,,,,,,,,,,,,,,,,,,
,,,,,,,,,,,,,,,,,Hetephernebti,Inykhnum,,,,,,,,,,,,,Pi-Ramesses,,,,,,,,,,,,,,,,,,,,,,,,,,,,,,,,,,
,,,,,,,,,,,,,,,,,Hrere,Inyotef,,,,,,,,,,,,,Naqada,,,,,,,,,,,,,,,,,,,,,,,,,,,,,,,,,,
,,,,,,,,,,,,,,,,,Inenek,Iry-Hor,,,,,,,,,,,,,Thonis,,,,,,,,,,,,,,,,,,,,,,,,,,,,,,,,,,
,,,,,,,,,,,,,,,,,Isetemkheb,Iuseneb,,,,,,,,,,,,,Heliopolis,,,,,,,,,,,,,,,,,,,,,,,,,,,,,,,,,,
,,,,,,,,,,,,,,,,,Isetnofret,Joba,,,,,,,,,,,,,Per-Amun,,,,,,,,,,,,,,,,,,,,,,,,,,,,,,,,,,
,,,,,,,,,,,,,,,,,Joba,Ka,,,,,,,,,,,,,Naucratis,,,,,,,,,,,,,,,,,,,,,,,,,,,,,,,,,,
,,,,,,,,,,,,,,,,,Kanzuie,Kanefer,,,,,,,,,,,,,Dendera,,,,,,,,,,,,,,,,,,,,,,,,,,,,,,,,,,
,,,,,,,,,,,,,,,,,Khamerernebty,Khabawsokar,,,,,,,,,,,,,Nekheb,,,,,,,,,,,,,,,,,,,,,,,,,,,,,,,,,,
,,,,,,,,,,,,,,,,,Khedebneithirbinet,Khaemwaset,,,,,,,,,,,,,Sumenu,,,,,,,,,,,,,,,,,,,,,,,,,,,,,,,,,,
,,,,,,,,,,,,,,,,,Khenemetibamun,Khaemweset,,,,,,,,,,,,,Timinhor,,,,,,,,,,,,,,,,,,,,,,,,,,,,,,,,,,
,,,,,,,,,,,,,,,,,Khenemetneferhedjet,Khasekhemwy,,,,,,,,,,,,,Alexandria,,,,,,,,,,,,,,,,,,,,,,,,,,,,,,,,,,
,,,,,,,,,,,,,,,,,Khenthap,Khensu,,,,,,,,,,,,,Ptkheka,,,,,,,,,,,,,,,,,,,,,,,,,,,,,,,,,,
,,,,,,,,,,,,,,,,,Khufuankh,Kheperkare,,,,,,,,,,,,,Madu,,,,,,,,,,,,,,,,,,,,,,,,,,,,,,,,,,
,,,,,,,,,,,,,,,,,Kiya,Khepri,,,,,,,,,,,,,Thebes,,,,,,,,,,,,,,,,,,,,,,,,,,,,,,,,,,
,,,,,,,,,,,,,,,,,Maat-hor,Khueninpu,,,,,,,,,,,,,Djedu,,,,,,,,,,,,,,,,,,,,,,,,,,,,,,,,,,
,,,,,,,,,,,,,,,,,Maathorneferure,Khufukhaf,,,,,,,,,,,,,Per-Bast,,,,,,,,,,,,,,,,,,,,,,,,,,,,,,,,,,
,,,,,,,,,,,,,,,,,Mayet,Koshari,,,,,,,,,,,,,Khemenu,,,,,,,,,,,,,,,,,,,,,,,,,,,,,,,,,,
,,,,,,,,,,,,,,,,,Mayetenaten,Menkaure,,,,,,,,,,,,,Semabehdet,,,,,,,,,,,,,,,,,,,,,,,,,,,,,,,,,,
,,,,,,,,,,,,,,,,,Meketaten,Menkheperre,,,,,,,,,,,,,Per-Sopdu,,,,,,,,,,,,,,,,,,,,,,,,,,,,,,,,,,
,,,,,,,,,,,,,,,,,Menmet,Mentuherkhepeshef,,,,,,,,,,,,,Buhen,,,,,,,,,,,,,,,,,,,,,,,,,,,,,,,,,,
,,,,,,,,,,,,,,,,,Meresamun,Mentuhotep,,,,,,,,,,,,,Qis,,,,,,,,,,,,,,,,,,,,,,,,,,,,,,,,,,
,,,,,,,,,,,,,,,,,Meres-nip,Meriiti,,,,,,,,,,,,,Per-Medjed,,,,,,,,,,,,,,,,,,,,,,,,,,,,,,,,,,
,,,,,,,,,,,,,,,,,Meret-isesi,Merneptah,,,,,,,,,,,,,Hermonthis,,,,,,,,,,,,,,,,,,,,,,,,,,,,,,,,,,
,,,,,,,,,,,,,,,,,Meretseger,Merysekhmet,,,,,,,,,,,,,Tepihu,,,,,,,,,,,,,,,,,,,,,,,,,,,,,,,,,,
,,,,,,,,,,,,,,,,,Merit,Mesen-ka,,,,,,,,,,,,,Tanis,,,,,,,,,,,,,,,,,,,,,,,,,,,,,,,,,,
,,,,,,,,,,,,,,,,,Meritamen,Metjen,,,,,,,,,,,,,Asyut,,,,,,,,,,,,,,,,,,,,,,,,,,,,,,,,,,
,,,,,,,,,,,,,,,,,Meritamun,Mina,,,,,,,,,,,,,Taremu,,,,,,,,,,,,,,,,,,,,,,,,,,,,,,,,,,
,,,,,,,,,,,,,,,,,Meritaten,Minmose,,,,,,,,,,,,,Saka,,,,,,,,,,,,,,,,,,,,,,,,,,,,,,,,,,
,,,,,,,,,,,,,,,,,Meritptah,Nakht,,,,,,,,,,,,,Ta-senet,,,,,,,,,,,,,,,,,,,,,,,,,,,,,,,,,,
,,,,,,,,,,,,,,,,,Merneith,Nakhtmut,,,,,,,,,,,,,Tjebu,,,,,,,,,,,,,,,,,,,,,,,,,,,,,,,,,,
,,,,,,,,,,,,,,,,,Meryt,Nakhtre,,,,,,,,,,,,,Seshesh,,,,,,,,,,,,,,,,,,,,,,,,,,,,,,,,,,
,,,,,,,,,,,,,,,,,Merytkhet,Narmer,,,,,,,,,,,,,Henen-nesut,,,,,,,,,,,,,,,,,,,,,,,,,,,,,,,,,,
,,,,,,,,,,,,,,,,,Merytmihapi,Nebemakhet,,,,,,,,,,,,,Hermopolis Parva,,,,,,,,,,,,,,,,,,,,,,,,,,,,,,,,,,
,,,,,,,,,,,,,,,,,Merytnetjer,Nebmaatre,,,,,,,,,,,,,Menouthis,,,,,,,,,,,,,,,,,,,,,,,,,,,,,,,,,,
,,,,,,,,,,,,,,,,,Merytre,Nefer,,,,,,,,,,,,,Tjaru,,,,,,,,,,,,,,,,,,,,,,,,,,,,,,,,,,
,,,,,,,,,,,,,,,,,Mutemwiya,Neferhotep,,,,,,,,,,,,,Athribis,,,,,,,,,,,,,,,,,,,,,,,,,,,,,,,,,,
,,,,,,,,,,,,,,,,,Mutmetjennefer,Neferirkare,,,,,,,,,,,,,Tamiat,,,,,,,,,,,,,,,,,,,,,,,,,,,,,,,,,,
,,,,,,,,,,,,,,,,,Mut-tuya,Neferkasokar,,,,,,,,,,,,,Rosetta,,,,,,,,,,,,,,,,,,,,,,,,,,,,,,,,,,
,,,,,,,,,,,,,,,,,Nakhtmut,Nefermaat,,,,,,,,,,,,,,,,,,,,,,,,,,,,,,,,,,,,,,,,,,,,,,,
,,,,,,,,,,,,,,,,,Nakhtneith,Nefer-setekh,,,,,,,,,,,,,,,,,,,,,,,,,,,,,,,,,,,,,,,,,,,,,,,
,,,,,,,,,,,,,,,,,Nebetah,Nefertem,,,,,,,,,,,,,,,,,,,,,,,,,,,,,,,,,,,,,,,,,,,,,,,
,,,,,,,,,,,,,,,,,Nebetananash,Neheb,,,,,,,,,,,,,,,,,,,,,,,,,,,,,,,,,,,,,,,,,,,,,,,
,,,,,,,,,,,,,,,,,Nebetimmunedjem,Nemtinakht,,,,,,,,,,,,,,,,,,,,,,,,,,,,,,,,,,,,,,,,,,,,,,,
,,,,,,,,,,,,,,,,,Nebetiunet,Nesubanebdjedet,,,,,,,,,,,,,,,,,,,,,,,,,,,,,,,,,,,,,,,,,,,,,,,
,,,,,,,,,,,,,,,,,Nebetnehat,Netjeraperef,,,,,,,,,,,,,,,,,,,,,,,,,,,,,,,,,,,,,,,,,,,,,,,
,,,,,,,,,,,,,,,,,Nebettawy,Nikaure,,,,,,,,,,,,,,,,,,,,,,,,,,,,,,,,,,,,,,,,,,,,,,,
,,,,,,,,,,,,,,,,,Nebty-tepites,Nisuheqet,,,,,,,,,,,,,,,,,,,,,,,,,,,,,,,,,,,,,,,,,,,,,,,
,,,,,,,,,,,,,,,,,Nedjemmut,Pa-ankh-entef,,,,,,,,,,,,,,,,,,,,,,,,,,,,,,,,,,,,,,,,,,,,,,,
,,,,,,,,,,,,,,,,,Neferet,Pachomios,,,,,,,,,,,,,,,,,,,,,,,,,,,,,,,,,,,,,,,,,,,,,,,
,,,,,,,,,,,,,,,,,Neferhetepes,Pahemnetjer,,,,,,,,,,,,,,,,,,,,,,,,,,,,,,,,,,,,,,,,,,,,,,,
,,,,,,,,,,,,,,,,,Neferneferuaten,Pakhom,,,,,,,,,,,,,,,,,,,,,,,,,,,,,,,,,,,,,,,,,,,,,,,
,,,,,,,,,,,,,,,,,Neferneferure,Pamiu,,,,,,,,,,,,,,,,,,,,,,,,,,,,,,,,,,,,,,,,,,,,,,,
,,,,,,,,,,,,,,,,,Neferthenut,Panehesy,,,,,,,,,,,,,,,,,,,,,,,,,,,,,,,,,,,,,,,,,,,,,,,
,,,,,,,,,,,,,,,,,Nefertiabet,Panhsj,,,,,,,,,,,,,,,,,,,,,,,,,,,,,,,,,,,,,,,,,,,,,,,
,,,,,,,,,,,,,,,,,Nefertkau,Paramesse,,,,,,,,,,,,,,,,,,,,,,,,,,,,,,,,,,,,,,,,,,,,,,,
,,,,,,,,,,,,,,,,,Neferu,Pareherwenemef,,,,,,,,,,,,,,,,,,,,,,,,,,,,,,,,,,,,,,,,,,,,,,,
,,,,,,,,,,,,,,,,,Neferuaten,Pasebakhaenniut,,,,,,,,,,,,,,,,,,,,,,,,,,,,,,,,,,,,,,,,,,,,,,,
,,,,,,,,,,,,,,,,,Neferubity,Pashhur,,,,,,,,,,,,,,,,,,,,,,,,,,,,,,,,,,,,,,,,,,,,,,,
,,,,,,,,,,,,,,,,,Neferuptah,Pedubastis,,,,,,,,,,,,,,,,,,,,,,,,,,,,,,,,,,,,,,,,,,,,,,,
,,,,,,,,,,,,,,,,,Neferure,Peduhor,,,,,,,,,,,,,,,,,,,,,,,,,,,,,,,,,,,,,,,,,,,,,,,
,,,,,,,,,,,,,,,,,Neferusobek,Peftjauawybast,,,,,,,,,,,,,,,,,,,,,,,,,,,,,,,,,,,,,,,,,,,,,,,
,,,,,,,,,,,,,,,,,Nefretiri,Pehen-ptah,,,,,,,,,,,,,,,,,,,,,,,,,,,,,,,,,,,,,,,,,,,,,,,
,,,,,,,,,,,,,,,,,Neithhotep,Pehernefer,,,,,,,,,,,,,,,,,,,,,,,,,,,,,,,,,,,,,,,,,,,,,,,
,,,,,,,,,,,,,,,,,Nesitanebetashru,Perneb,,,,,,,,,,,,,,,,,,,,,,,,,,,,,,,,,,,,,,,,,,,,,,,
,,,,,,,,,,,,,,,,,Neskhons,Ptahhotep,,,,,,,,,,,,,,,,,,,,,,,,,,,,,,,,,,,,,,,,,,,,,,,
,,,,,,,,,,,,,,,,,Netiqret,Ptahshepses,,,,,,,,,,,,,,,,,,,,,,,,,,,,,,,,,,,,,,,,,,,,,,,
,,,,,,,,,,,,,,,,,Nimaathap,Ptahwer,,,,,,,,,,,,,,,,,,,,,,,,,,,,,,,,,,,,,,,,,,,,,,,
,,,,,,,,,,,,,,,,,Nitocris,Rahotep,,,,,,,,,,,,,,,,,,,,,,,,,,,,,,,,,,,,,,,,,,,,,,,
,,,,,,,,,,,,,,,,,Nofret,Ramses,,,,,,,,,,,,,,,,,,,,,,,,,,,,,,,,,,,,,,,,,,,,,,,
,,,,,,,,,,,,,,,,,Nofretete,Ramsis,,,,,,,,,,,,,,,,,,,,,,,,,,,,,,,,,,,,,,,,,,,,,,,
,,,,,,,,,,,,,,,,,Nubemhat,Ranefer,,,,,,,,,,,,,,,,,,,,,,,,,,,,,,,,,,,,,,,,,,,,,,,
,,,,,,,,,,,,,,,,,Nubemiunu,Sahure,,,,,,,,,,,,,,,,,,,,,,,,,,,,,,,,,,,,,,,,,,,,,,,
,,,,,,,,,,,,,,,,,Nubemweskhet,Sasobek,,,,,,,,,,,,,,,,,,,,,,,,,,,,,,,,,,,,,,,,,,,,,,,
,,,,,,,,,,,,,,,,,Nubhetepti,Seb,,,,,,,,,,,,,,,,,,,,,,,,,,,,,,,,,,,,,,,,,,,,,,,
,,,,,,,,,,,,,,,,,Nubkhaes,Sebekemhab,,,,,,,,,,,,,,,,,,,,,,,,,,,,,,,,,,,,,,,,,,,,,,,
,,,,,,,,,,,,,,,,,Nubkhesbed,Sekhemkare,,,,,,,,,,,,,,,,,,,,,,,,,,,,,,,,,,,,,,,,,,,,,,,
,,,,,,,,,,,,,,,,,Nubwenet,Sekhemrekhutawy,,,,,,,,,,,,,,,,,,,,,,,,,,,,,,,,,,,,,,,,,,,,,,,
,,,,,,,,,,,,,,,,,Parerenpetnefer,Sekhemreshedwaset,,,,,,,,,,,,,,,,,,,,,,,,,,,,,,,,,,,,,,,,,,,,,,,
,,,,,,,,,,,,,,,,,Patareshnes,Senbi,,,,,,,,,,,,,,,,,,,,,,,,,,,,,,,,,,,,,,,,,,,,,,,
,,,,,,,,,,,,,,,,,Penebui,Senenmut,,,,,,,,,,,,,,,,,,,,,,,,,,,,,,,,,,,,,,,,,,,,,,,
,,,,,,,,,,,,,,,,,Persenet,Sennefer,,,,,,,,,,,,,,,,,,,,,,,,,,,,,,,,,,,,,,,,,,,,,,,
,,,,,,,,,,,,,,,,,Peseshet,Senusret,,,,,,,,,,,,,,,,,,,,,,,,,,,,,,,,,,,,,,,,,,,,,,,
,,,,,,,,,,,,,,,,,Ptahneferu,Setna,,,,,,,,,,,,,,,,,,,,,,,,,,,,,,,,,,,,,,,,,,,,,,,
,,,,,,,,,,,,,,,,,Pypuy,Setne,,,,,,,,,,,,,,,,,,,,,,,,,,,,,,,,,,,,,,,,,,,,,,,
,,,,,,,,,,,,,,,,,Qalhata,Shabaka,,,,,,,,,,,,,,,,,,,,,,,,,,,,,,,,,,,,,,,,,,,,,,,
,,,,,,,,,,,,,,,,,Rekhetre,Shepseskare,,,,,,,,,,,,,,,,,,,,,,,,,,,,,,,,,,,,,,,,,,,,,,,
,,,,,,,,,,,,,,,,,Renesres,Siamun,,,,,,,,,,,,,,,,,,,,,,,,,,,,,,,,,,,,,,,,,,,,,,,
,,,,,,,,,,,,,,,,,Renmet-setesh,Siharnedjheritef,,,,,,,,,,,,,,,,,,,,,,,,,,,,,,,,,,,,,,,,,,,,,,,
,,,,,,,,,,,,,,,,,Renpetnefer,Smenkhkare,,,,,,,,,,,,,,,,,,,,,,,,,,,,,,,,,,,,,,,,,,,,,,,
,,,,,,,,,,,,,,,,,Satiah,Sneferu,,,,,,,,,,,,,,,,,,,,,,,,,,,,,,,,,,,,,,,,,,,,,,,
,,,,,,,,,,,,,,,,,Satsobek,Sobekemsaf,,,,,,,,,,,,,,,,,,,,,,,,,,,,,,,,,,,,,,,,,,,,,,,
,,,,,,,,,,,,,,,,,Sehener,Tao,,,,,,,,,,,,,,,,,,,,,,,,,,,,,,,,,,,,,,,,,,,,,,,
,,,,,,,,,,,,,,,,,Semat,Tefnakht,,,,,,,,,,,,,,,,,,,,,,,,,,,,,,,,,,,,,,,,,,,,,,,
,,,,,,,,,,,,,,,,,Senebhenas,Temhotep,,,,,,,,,,,,,,,,,,,,,,,,,,,,,,,,,,,,,,,,,,,,,,,
,,,,,,,,,,,,,,,,,Senebtisi,Teos,,,,,,,,,,,,,,,,,,,,,,,,,,,,,,,,,,,,,,,,,,,,,,,
,,,,,,,,,,,,,,,,,Seshemetka,Thamphthis,,,,,,,,,,,,,,,,,,,,,,,,,,,,,,,,,,,,,,,,,,,,,,,
,,,,,,,,,,,,,,,,,Sesheset,Tutankhamun,,,,,,,,,,,,,,,,,,,,,,,,,,,,,,,,,,,,,,,,,,,,,,,
,,,,,,,,,,,,,,,,,Setepenre,Tutankhaten,,,,,,,,,,,,,,,,,,,,,,,,,,,,,,,,,,,,,,,,,,,,,,,
,,,,,,,,,,,,,,,,,Sha-amun-en-su,Tutu,,,,,,,,,,,,,,,,,,,,,,,,,,,,,,,,,,,,,,,,,,,,,,,
,,,,,,,,,,,,,,,,,Shehiryotes,Usercherês,,,,,,,,,,,,,,,,,,,,,,,,,,,,,,,,,,,,,,,,,,,,,,,
,,,,,,,,,,,,,,,,,Shepset-ipet,Userkare,,,,,,,,,,,,,,,,,,,,,,,,,,,,,,,,,,,,,,,,,,,,,,,
,,,,,,,,,,,,,,,,,Sheretnebty,Wadjenes,,,,,,,,,,,,,,,,,,,,,,,,,,,,,,,,,,,,,,,,,,,,,,,
,,,,,,,,,,,,,,,,,Sinuhe,Wadjitefni,,,,,,,,,,,,,,,,,,,,,,,,,,,,,,,,,,,,,,,,,,,,,,,
,,,,,,,,,,,,,,,,,Sitamun,,,,,,,,,,,,,,,,,,,,,,,,,,,,,,,,,,,,,,,,,,,,,,,,
,,,,,,,,,,,,,,,,,Sitdjehuti,,,,,,,,,,,,,,,,,,,,,,,,,,,,,,,,,,,,,,,,,,,,,,,,
,,,,,,,,,,,,,,,,,Sithathor,,,,,,,,,,,,,,,,,,,,,,,,,,,,,,,,,,,,,,,,,,,,,,,,
,,,,,,,,,,,,,,,,,Sithathoriunet,,,,,,,,,,,,,,,,,,,,,,,,,,,,,,,,,,,,,,,,,,,,,,,,
,,,,,,,,,,,,,,,,,Sitre,,,,,,,,,,,,,,,,,,,,,,,,,,,,,,,,,,,,,,,,,,,,,,,,
,,,,,,,,,,,,,,,,,Sobekemsaf,,,,,,,,,,,,,,,,,,,,,,,,,,,,,,,,,,,,,,,,,,,,,,,,
,,,,,,,,,,,,,,,,,Sobekneferu,,,,,,,,,,,,,,,,,,,,,,,,,,,,,,,,,,,,,,,,,,,,,,,,
,,,,,,,,,,,,,,,,,Takhat,,,,,,,,,,,,,,,,,,,,,,,,,,,,,,,,,,,,,,,,,,,,,,,,
,,,,,,,,,,,,,,,,,Tati,,,,,,,,,,,,,,,,,,,,,,,,,,,,,,,,,,,,,,,,,,,,,,,,
,,,,,,,,,,,,,,,,,Tawret,,,,,,,,,,,,,,,,,,,,,,,,,,,,,,,,,,,,,,,,,,,,,,,,
,,,,,,,,,,,,,,,,,Tentamun,,,,,,,,,,,,,,,,,,,,,,,,,,,,,,,,,,,,,,,,,,,,,,,,
,,,,,,,,,,,,,,,,,Tiaa,,,,,,,,,,,,,,,,,,,,,,,,,,,,,,,,,,,,,,,,,,,,,,,,
,,,,,,,,,,,,,,,,,Tia-Sitra,,,,,,,,,,,,,,,,,,,,,,,,,,,,,,,,,,,,,,,,,,,,,,,,
,,,,,,,,,,,,,,,,,Tiye,,,,,,,,,,,,,,,,,,,,,,,,,,,,,,,,,,,,,,,,,,,,,,,,
,,,,,,,,,,,,,,,,,Tjesraperet,,,,,,,,,,,,,,,,,,,,,,,,,,,,,,,,,,,,,,,,,,,,,,,,
,,,,,,,,,,,,,,,,,Tjuyu,,,,,,,,,,,,,,,,,,,,,,,,,,,,,,,,,,,,,,,,,,,,,,,,
,,,,,,,,,,,,,,,,,Tsillah,,,,,,,,,,,,,,,,,,,,,,,,,,,,,,,,,,,,,,,,,,,,,,,,
,,,,,,,,,,,,,,,,,Tuya,,,,,,,,,,,,,,,,,,,,,,,,,,,,,,,,,,,,,,,,,,,,,,,,
,,,,,,,,,,,,,,,,,Tuya-Nebettawy,,,,,,,,,,,,,,,,,,,,,,,,,,,,,,,,,,,,,,,,,,,,,,,,
,,,,,,,,,,,,,,,,,Twosret,,,,,,,,,,,,,,,,,,,,,,,,,,,,,,,,,,,,,,,,,,,,,,,,
,,,,,,,,,,,,,,,,,Werenro,,,,,,,,,,,,,,,,,,,,,,,,,,,,,,,,,,,,,,,,,,,,,,,,
,,,,,,,,,,,,,,,,,Zathapy,,,,,,,,,,,,,,,,,,,,,,,,,,,,,,,,,,,,,,,,,,,,,,,,
,,,,,,,,,,,,,,,,,Zatipy,,,,,,,,,,,,,,,,,,,,,,,,,,,,,,,,,,,,,,,,,,,,,,,,