namelist_title,namelist_author,namelist_id,an_assault_army,an_clone_army,an_defense_army,an_gene_warrior_army,an_industrial_army,an_machine_assault_1,an_machine_assault_2,an_machine_assault_3,an_machine_defense,an_occupation_army,an_postatomic_army,an_primitive_army,an_psionic_army,an_robotic_army,an_robotic_defense_army,an_robotic_occupation_army,an_slave_army,an_undead_army,an_xenomorph_army,cn_first_names_female,cn_first_names_male,cn_regnal_first_names_female,cn_regnal_first_names_male,cn_regnal_second_names,cn_second_names,fn_fleet_names,fn_random_names,pn_alpine_planets,pn_arctic_planets,pn_arid_planets,pn_continental_planets,pn_desert_planets,pn_gaia_planets,pn_generic_planets,pn_ocean_planets,pn_savannah_planets,pn_tropical_planets,pn_tundra_planets,sn_battle_cruiser,sn_battleship,sn_carrier,sn_colonizer,sn_colossus,sn_constructor,sn_corvette,sn_cruiser,sn_destroyer,sn_dreadnought,sn_escort_carrier,sn_exploration_ship,sn_flagship,sn_frigate,sn_generic,sn_headquarters,sn_ion_cannon,sn_juggernaut,sn_light_carrier,sn_military_station_large,sn_military_station_medium,sn_military_station_small,sn_science,sn_science_cruiser,sn_sponsored_colonizer,sn_striker_cruiser,sn_titan,sn_transport,sn_xl_cannon
Ancient Greek (OSN),osiris,ancientgreek, Stratos Prosvoli $R$, Stratos Klonos $R$, Stratos √Åmyna $R$, Stratos Gonidiakos Polemos $R$, Stratos Viomichanikos $R$, Stratos Epithesi Michanis $R$, Stratos Epithesi Michanis $R$, Stratos Epithesi Michanis $R$, Stratos Amyna Michanis $R$, Stratos Katochi $R$, Stratos Meta-Atomiki $R$, Stratos Protogonos $R$, Stratos Psionikos $R$, Stratos Rompotiki Epithesi $R$, Stratos Rompotiki Amyna $R$, Stratos Rompotiki Apascholisi $R$,Stratos Doulos $R$,Stratos Apethanta $R$, Stratos Xenomorfos $R$,Agatha,Hermes,Georgina,Asclepiodotus,Zeus,Milionis,Stolos $R$,,,,,,,,Athens,,,,,Dionysus's Will,Dionysus,Hephaestus,Hestia,Zeus,Hephaestus,Harmonia's Xiphon,Voice of Hermes,Harmonia's Xiphon,Dionysus,Demeter's Arrow,Pan,Poseidon,Harmonia's Xiphon,Centaur,Kephalaion,Zeus's Lightning,Hades,Breath of Hestia,Akropolis,Strategeion,Phrourion,Eileithyia,Eileithyia,Hestia,Hermes's Command,Dionysus, Trireme ,Zeus's Thunderbolt
,,,,,,,,,,,,,,,,,,,,,,Aglaia,Aeacus,Thelma,Lycomedes,Hera,Chatzikonstantinou,,,,,,,,,Sparta,,,,,Dionysus's Spear,Hera,Hestia,Eunomia,Poseidon,Daedalus,Calchas,Will of Hestia,Calchas,Hera,Hestia's Dagger,Hecate,Zeus,Calchas,Minotaur,,,Poseidon,Athena's Spear,,,,Aristaeus,Aristaeus,Eunomia,Aphrodite's Arrow,Hera,,
,,,,,,,,,,,,,,,,,,,,,,Agne,Thetis,Pythodorida,Perdiccas,Poseidon,Eleftheriou,,,,,,,,,Corinth,,,,,Hestia's Courage,Hestia,Athena,Boreas,Hades,Epeius,Odysseus,Dionysus's Dagger,Odysseus,Hestia,Demeter's Sword,Persephone,Hades,Odysseus,Chimera,,,Zeus,Breath of Hermes,,,,Hecate,Hecate,Boreas,Athena's Xiphon,Hestia,,
,,,,,,,,,,,,,,,,,,,,,,Alcestis,Eros,Ceres,Cimon,Demeter,Fragkos,,,,,,,,,Syracuse,,,,,Hermes's Arrow,Demeter,Demeter,Demeter,,Erechtheus,Breath of Adrestia,Dionysus's Steed,Breath of Adrestia,Demeter,Spirit of Hermes,Hermes Trismegistus,,Breath of Adrestia,Hydra,,,,Athena's Sword,,,,Prometheus,Prometheus,Demeter,Hermes's Chariot,Demeter,,
,,,,,,,,,,,,,,,,,,,,,,Alethea,Atlas,Theodora,Anaxagoras,Athena,Kyrou,,,,,,,,,Aegina,,,,,Hermes's Will,Athena,Dionysus,Hermes,,Icarus,Nemea,Athena's Steed,Nemea,Athena,Hephaestus's Javelin,Demeter,,Nemea,Sphinx,,,,Apollo's Courage,,,,Metis,Metis,Hermes,Athena's Sarissa,Athena,,
,,,,,,,,,,,,,,,,,,,,,,Althaia,Tycho,Erasma,Chrysippus,Apollo,Karachaliou,,,,,,,,,Rhodes,,,,,Word of Demeter,Apollo,Hera,Amphictyonis,,Metis,Cadmus,Spirit of Ares,Cadmus,Apollo,Spirit of Hera,Aeolus,,Cadmus,Cyclops,,,,Hephaestus's Vigil,,,,Helios,Helios,Amphictyonis,Aphrodite's Doru,Apollo,,
,,,,,,,,,,,,,,,,,,,,,,Amalthea,Kit,Roxana,Agesilaus,Artemis,Oikonomidou,,,,,,,,,Argos,,,,,Aphrodite's Fist,Artemis,Apollo,Hecate,,Palamedes,Voice of Alala,Hermes's Rage,Voice of Alala,Artemis,Hand of Hermes,Eris,,Voice of Alala,Harpy,,,,Hephaestus's Javelin,,,,Mnemosyne,Mnemosyne,Hecate,Hera's Haplon,Artemis,,
,,,,,,,,,,,,,,,,,,,,,,Amara,Ercole,Olympias,Iphicrates,Ares,Baros,,,,,,,,,Eretria,,,,,Vision of Ares,Ares,Ares,Nike,,Poseidon,Enyo's Dagger,Spirit of Demeter,Enyo's Dagger,Ares,Demeter's Shield,Proteus,,Enyo's Dagger,Gorgon,,,,Hephaestus's Strike,,,,Asclepius,Asclepius,Nike,Hermes's Rage,Ares,,
,,,,,,,,,,,,,,,,,,,,,,Anaxandra,Kristofr,Eldora,Alexander,Aphrodite,Bekiaris,,,,,,,,,Elis,,,,,Artemis's Rage,Aphrodite,Hermes,Pan,,Talos,Anteros's Vigil,Hestia's Strike,Anteros's Vigil,Aphrodite,Apollo's Javelin,Circe,,Anteros's Vigil,Satyr,,,,Hermes's Doru,,,,Ananke,Ananke,Pan,Athena's Dagger,Aphrodite,,
,,,,,,,,,,,,,,,,,,,,,,Andromache,Agamemnon,Agrippina,Pausanias,Hephaestus,Linard,,,,,,,,,Abdera,,,,,Artemis's Spear,Hephaestus,Aphrodite,Triptolemus,,Tantalus,Enyo's Steed,Aphrodite's Sarissa,Enyo's Steed,Hephaestus,Word of Apollo,Charybdis,,Enyo's Steed,Nymph,,,,Hermes's Will,,,,Thoth,Thoth,Triptolemus,Hermes's Xiphon,Hephaestus,,
,,,,,,,,,,,,,,,,,,,,,,Andromeda,Philoctetes,Laodice,Cleomenes,Hermes,Argyris,,,,,,,,,Abydos,,,,,Hermes's Command,Hermes,Artemis,,,,Spirit of Alala,Artemis's Will,Spirit of Alala,Hermes,Will of Artemis,,,Spirit of Alala,Siren,,,,Dionysus's Steed,,,,,,,Artemis's Spear,Hermes,,
,,,,,,,,,,,,,,,,,,,,,,Anthea,Sebastiano,Pharnace,Mithridates,Dionysus,Papantoniou,,,,,,,,,Acanthus,,,,,Hera's Shield,,,,,,Nike's Command,Athena's Shield,Nike's Command,,Athena's Sword,,,Nike's Command,Griffin,,,,Artemis's Command,,,,,,,Breath of Dionysus,,,
,,,,,,,,,,,,,,,,,,,,,,Antigone,Jason,Karin,Philip,Hestia,Tsakonas,,,,,,,,,Acharnae,,,,,Hephaestus's Sarissa,,,,,,Makhai's Sarissa,Hermes's Fist,Makhai's Sarissa,,Vision of Hermes,,,Makhai's Sarissa,Phoenix,,,,Aphrodite's Spear,,,,,,,Hephaestus's Spear,,,
,,,,,,,,,,,,,,,,,,,,,,Apollonia,Eratosthenes,Calli,Aristomachus,Persephone,Peppa,,,,,,,,,Aegium,,,,,Voice of Demeter,,,,,,Nike,Hestia's Vigil,Nike,,Hera's Chariot,,,Nike,Hippocampus,,,,Breath of Hera,,,,,,,Vision of Dionysus,,,
,,,,,,,,,,,,,,,,,,,,,,Arete,Damien,Majorie,Antigonus,Hades,Vlachaki,,,,,,,,,Aenus,,,,,Hephaestus's Dagger,,,,,,Echemus,Spirit of Hermes,Echemus,,Athena's Strike,,,Echemus,Mermaid,,,,Word of Hephaestus,,,,,,,Artemis's Haplon,,,
,,,,,,,,,,,,,,,,,,,,,,Ariadne,Geryon,Zenobia,Themistocles,Eros,Christou,,,,,,,,,Amphipolis,,,,,Demeter's Xiphon,,,,,,Vision of Nike,Voice of Hera,Vision of Nike,,Hand of Artemis,,,Vision of Nike,Dryad,,,,Aphrodite's Steed,,,,,,,Dionysus's Arrow,,,
,,,,,,,,,,,,,,,,,,,,,,Artemisia,Basile,Pelagia,Demaratus,Iris,Sagona,,,,,,,,,Andros,,,,,Breath of Aphrodite,,,,,,Philoctetes,Aphrodite's Dagger,Philoctetes,,Aphrodite's Spear,,,Philoctetes,Faun,,,,Hand of Hermes,,,,,,,Hera's Will,,,
,,,,,,,,,,,,,,,,,,,,,,Aspasia,Asclepius,Amastris,Epaminondas,Nike,Balaban,,,,,,,,,Aphidnae,,,,,Hermes's Chariot,,,,,,Voice of Kydoimos,Vision of Hephaestus,Voice of Kydoimos,,Voice of Dionysus,,,Voice of Kydoimos,Manticore,,,,Hermes's Vigil,,,,,,,Athena's Strike,,,
,,,,,,,,,,,,,,,,,,,,,,Athanasia,Priam,Phila,Ptolemy,Helios,Daskalakis,,,,,,,,,Apollonia,,,,,Will of Athena,,,,,,Promakhos,Vision of Demeter,Promakhos,,Hephaestus's Courage,,,Promakhos,Cerberus,,,,Demeter's Strike,,,,,,,Apollo's Doru,,,
,,,,,,,,,,,,,,,,,,,,,,Atherina,Peleus,Varvara,Euphaes,Selene,Argyropoulou,,,,,,,,,Asine,,,,,Will of Hephaestus,,,,,,Nike's Doru,Dionysus's Rage,Nike's Doru,,Dionysus's Steed,,,Nike's Doru,Pegasus,,,,Hera's Command,,,,,,,Dionysus's Fist,,,
,,,,,,,,,,,,,,,,,,,,,,Atalanta,Hippocrates,Elodie,Attalus,,Giannis,,,,,,,,,Assus,,,,,Spirit of Hestia,,,,,,Agapenor,Athena's Sarissa,Agapenor,,Vision of Demeter,,,Agapenor,Basilisk,,,,Hera's Spear,,,,,,,Hestia's Kopis,,,
,,,,,,,,,,,,,,,,,,,,,,Athena,Oedipus,Arsinoe,Leonidas,,Contos,,,,,,,,,Brauron,,,,,Dionysus's Shield,,,,,,Harmonia's Will,Artemis's Rage,Harmonia's Will,,Aphrodite's Arrow,,,Harmonia's Will,Empusa,,,,Demeter's Sword,,,,,,,Word of Artemis,,,
,,,,,,,,,,,,,,,,,,,,,,Atropos,Menelaus,Appoline,Cassander,,Karagiorgos,,,,,,,,,Byzantium,,,,,Demeter's Sword,,,,,,Voice of Eris,Hephaestus's Arrow,Voice of Eris,,Apollo's Strike,,,Voice of Eris,Kraken,,,,Athena's Kopis,,,,,,,Ares's Kopis,,,
,,,,,,,,,,,,,,,,,,,,,,Briseis,Pancratius,Adonia,Perseus,,Vasileiadis,,,,,,,,,Calchedon,,,,,Breath of Hermes,,,,,,Alala's Spear,Demeter's Sword,Alala's Spear,,Ares's Steed,,,Alala's Spear,Lamia,,,,Hestia's Spear,,,,,,,Hand of Hephaestus,,,
,,,,,,,,,,,,,,,,,,,,,,Brynhildr,Amphion,Lysandra,Nabis,,Mavropoulos,,,,,,,,,Calydon,,,,,Ares's Spear,,,,,,Peleus,Hermes's Javelin,Peleus,,Hera's Sarissa,,,Peleus,Scylla,,,,Hand of Hestia,,,,,,,Voice of Athena,,,
,,,,,,,,,,,,,,,,,,,,,,Calliope,Chrysippus,Dionne,Thrasybulus,,Harris,,,,,,,,,Carystus,,,,,Hermes's Xiphon,,,,,,Eris's Sarissa,Artemis's Sarissa,Eris's Sarissa,,Will of Hephaestus,,,Eris's Sarissa,Echidna,,,,Will of Apollo,,,,,,,Hephaestus's Dagger,,,
,,,,,,,,,,,,,,,,,,,,,,Calypso,Lysander,Caeneus,Diomedes,,Alexopoulos,,,,,,,,,Chalcis,,,,,Hera's Command,,,,,,Deimos's Vigil,Dionysus's Javelin,Deimos's Vigil,,Demeter's Javelin,,,Deimos's Vigil,Hecatonchires,,,,Voice of Artemis,,,,,,,Breath of Aphrodite,,,
,,,,,,,,,,,,,,,,,,,,,,Cassandra,Alexandro,Berenice,Leotychidas,,Markopoulos,,,,,,,,,Cnidus,,,,,Artemis's Command,,,,,,Alala's Command,Hephaestus's Fist,Alala's Command,,Will of Hermes,,,Alala's Command,Lernaean Hydra,,,,Aphrodite's Sarissa,,,,,,,Hera's Rage,,,
,,,,,,,,,,,,,,,,,,,,,,Celandine,Alkaios,Katya,Pelopidas,,Kontos,,,,,,,,,Cyme,,,,,Hera's Xiphon,,,,,,Word of Eris,Hermes's Vigil,Word of Eris,,Spirit of Athena,,,Word of Eris,Muses,,,,Word of Dionysus,,,,,,,Hestia's Rage,,,
,,,,,,,,,,,,,,,,,,,,,,Chloris,Clio,Oria,Dionysius,,Takes,,,,,,,,,Cythera,,,,,Spirit of Athena,,,,,,Deimos's Steed,Hestia's Sword,Deimos's Steed,,Spirit of Hestia,,,Deimos's Steed,Naiad,,,,Hermes's Haplon,,,,,,,Spirit of Athena,,,
,,,,,,,,,,,,,,,,,,,,,,Chrysanthe,Cadmus,Glaphyra,Xerxes,,Mihal,,,,,,,,,Decelea,,,,,Voice of Hermes,,,,,,Hand of Phobos,Ares's Rage,Hand of Phobos,,Hera's Command,,,Hand of Phobos,Telchines,,,,Hera's Courage,,,,,,,Apollo's Javelin,,,
,,,,,,,,,,,,,,,,,,,,,,Clio,Anteros,Ptolemy,Periander,,Alexopoulou,,,,,,,,,Delphi,,,,,Demeter's Steed,,,,,,Alala's Sarissa,Dionysus's Command,Alala's Sarissa,,Ares's Sword,,,Alala's Sarissa,Titans,,,,Ares's Vigil,,,,,,,Voice of Aphrodite,,,
,,,,,,,,,,,,,,,,,,,,,,Clymene,Kay,Amarande,Lachares,,Vasil,,,,,,,,,Demetrias,,,,,Will of Ares,,,,,,Deimos's Sword,Hermes's Xiphon,Deimos's Sword,,Hermes's Rage,,,Deimos's Sword,Charybdis,,,,Aphrodite's Arrow,,,,,,,Voice of Ares,,,
,,,,,,,,,,,,,,,,,,,,,,Clytemnestra,Heracles,Stratonice,Agathocles,,Kontogianni,,,,,,,,,Didyma,,,,,Hera's Doru,,,,,,Spirit of Enyo,Artemis's Spear,Spirit of Enyo,,Hestia's Rage,,,Spirit of Enyo,Cretan Bull,,,,Hermes's Courage,,,,,,,Dionysus's Steed,,,
,,,,,,,,,,,,,,,,,,,,,,Damaris,Turannos,Xylona,Nicomedes,,Mallios,,,,,,,,,Dodona,,,,,Hera's Sarissa,,,,,,Adrestia's Vigil,Artemis's Xiphon,Adrestia's Vigil,,Vision of Artemis,,,Adrestia's Vigil,Minyades,,,,Aphrodite's Fist,,,,,,,Hephaestus's Will,,,
,,,,,,,,,,,,,,,,,,,,,,Daphne,Antaeus,Rhodogune,Gorgidas,,Sarri,,,,,,,,,Dyme,,,,,Hermes's Haplon,,,,,,Alala's Steed,Hestia's Haplon,Alala's Steed,,Word of Hera,,,Alala's Steed,Orpheus,,,,Breath of Aphrodite,,,,,,,Athena's Kopis,,,
,,,,,,,,,,,,,,,,,,,,,,Deianeira,Oreias,Dice,Archelaus,,Athanas,,,,,,,,,Eleusis,,,,,Apollo's Kopis,,,,,,Discordia,Will of Hermes,Discordia,,Artemis's Courage,,,Discordia,Pan,,,,Ares's Sarissa,,,,,,,Athena's Fist,,,
,,,,,,,,,,,,,,,,,,,,,,Demetria,Anaxagoras,Lizann,Zopyrus,,Petridis,,,,,,,,,Ephesus,,,,,Apollo's Vigil,,,,,,Phobos's Sword,Hand of Artemis,Phobos's Sword,,Breath of Hermes,,,Phobos's Sword,Talos,,,,Artemis's Rage,,,,,,,Apollo's Sword,,,
,,,,,,,,,,,,,,,,,,,,,,Dione,Miltiades,Damaris,Herod,,Papanastasiou,,,,,,,,,Erythrae,,,,,Apollo's Arrow,,,,,,Makhai's Kopis,Vision of Hermes,Makhai's Kopis,,Word of Ares,,,Makhai's Kopis,Graeae,,,,Ares's Doru,,,,,,,Athena's Sword,,,
,,,,,,,,,,,,,,,,,,,,,,Doris,Melanippus,Julia,Aristodemus,,Christopoulos,,,,,,,,,Gortyn,,,,,Ares's Vigil,,,,,,Makhai's Sword,Hera's Javelin,Makhai's Sword,,Dionysus's Chariot,,,Makhai's Sword,Hesperides,,,,Athena's Rage,,,,,,,Aphrodite's Will,,,
,,,,,,,,,,,,,,,,,,,,,,Echo,Hippocampus,Coralina,Eumenes,,Emmanouilidou,,,,,,,,,Gortys,,,,,Breath of Demeter,,,,,,Perseus,Breath of Aphrodite,Perseus,,Vision of Hephaestus,,,Perseus,Silenus,,,,Apollo's Xiphon,,,,,,,Hephaestus's Rage,,,
,,,,,,,,,,,,,,,,,,,,,,Eirene,Artimis,Cleopatra,Aristippus,,Mavros,,,,,,,,,Halicarnassus,,,,,Artemis's Vigil,,,,,,Will of Alala,Will of Hera,Will of Alala,,Voice of Artemis,,,Will of Alala,Typhon,,,,Hera's Dagger,,,,,,,Hand of Hera,,,
,,,,,,,,,,,,,,,,,,,,,,Electra,Damion,Calypso,Demetrius,,Arvanitaki,,,,,,,,,Heraclea,,,,,Ares's Dagger,,,,,,Nike's Javelin,Ares's Will,Nike's Javelin,,Aphrodite's Xiphon,,,Nike's Javelin,Amphisbaena,,,,Hera's Sarissa,,,,,,,Hephaestus's Sarissa,,,
,,,,,,,,,,,,,,,,,,,,,,Eleni,Glaucus,Mellisa,Lysimachus,,Pavlidis,,,,,,,,,Hermione,,,,,Vision of Athena,,,,,,Iolaus,Hermes's Will,Iolaus,,Voice of Athena,,,Iolaus,Echeneis,,,,Demeter's Arrow,,,,,,,Ares's Rage,,,
,,,,,,,,,,,,,,,,,,,,,,Elpis,Ares,Penine,Seleucus,,Maragkos,,,,,,,,,Ialysus,,,,,Aphrodite's Command,,,,,,Adrestia,Ares's Doru,Adrestia,,Hephaestus's Sword,,,Adrestia,Ophiotaurus,,,,Vision of Apollo,,,,,,,Hera's Sword,,,
,,,,,,,,,,,,,,,,,,,,,,Emilia,Tyndareus,Melita,Aristaeus,,Dimakis,,,,,,,,,Iassus,,,,,Aphrodite's Kopis,,,,,,Hand of Makhai,Hermes's Spear,Hand of Makhai,,Hera's Dagger,,,Hand of Makhai,Pythia,,,,Hermes's Rage,,,,,,,Hera's Command,,,
,,,,,,,,,,,,,,,,,,,,,,Enyo,Cronus,Eurydice,Autolycus,,Konstantopoulos,,,,,,,,,Ithaca,,,,,Voice of Hephaestus,,,,,,Eris's Javelin,Hand of Athena,Eris's Javelin,,Voice of Hephaestus,,,Eris's Javelin,,,,,Athena's Vigil,,,,,,,Hestia's Chariot,,,
,,,,,,,,,,,,,,,,,,,,,,Eos,Iolaus,Catriona,Melanthus,,Georgiou,,,,,,,,,Lampsacus,,,,,Aphrodite's Shield,,,,,,Astacus,Vision of Hestia,Astacus,,Vision of Hestia,,,Astacus,,,,,Hera's Xiphon,,,,,,,Hestia's Command,,,
,,,,,,,,,,,,,,,,,,,,,,Eudora,Hypnos,,Hipparchus,,Karampela,,,,,,,,,Larissa,,,,,Hephaestus's Haplon,,,,,,Nike,Word of Artemis,Nike,,Ares's Dagger,,,Nike,,,,,Hephaestus's Shield,,,,,,,Ares's Command,,,
,,,,,,,,,,,,,,,,,,,,,,Eudoxia,Lynceus,,,,Kaloudi,,,,,,,,,Lepreum,,,,,Hermes's Vigil,,,,,,Makhai's Chariot,Apollo's Dagger,Makhai's Chariot,,Aphrodite's Vigil,,,Makhai's Chariot,,,,,Hand of Dionysus,,,,,,,Demeter's Dagger,,,
,,,,,,,,,,,,,,,,,,,,,,Eumelia,Plutarch,,,,Kalogeropoulos,,,,,,,,,Lindus,,,,,Aphrodite's Javelin,,,,,,Eris's Shield,Artemis's Sword,Eris's Shield,,Apollo's Sword,,,Eris's Shield,,,,,Voice of Demeter,,,,,,,Dionysus's Doru,,,
,,,,,,,,,,,,,,,,,,,,,,Euphemia,Alexander,,,,Varelas,,,,,,,,,Locri,,,,,Dionysus's Courage,,,,,,Adrestia's Fist,Artemis's Fist,Adrestia's Fist,,Demeter's Sarissa,,,Adrestia's Fist,,,,,Voice of Hestia,,,,,,,Apollo's Strike,,,
,,,,,,,,,,,,,,,,,,,,,,Eurydice,Achilles,,,,Barberis,,,,,,,,,Mantinea,,,,,Athena's Sword,,,,,,Loxias,Demeter's Chariot,Loxias,,Athena's Dagger,,,Loxias,,,,,Ares's Steed,,,,,,,Hephaestus's Kopis,,,
,,,,,,,,,,,,,,,,,,,,,,Eurykleia,Odysseus,,,,Vergos,,,,,,,,,Marathon,,,,,Vision of Hestia,,,,,,Kydoimos's Vigil,Hephaestus's Dagger,Kydoimos's Vigil,,Voice of Demeter,,,Kydoimos's Vigil,,,,,Athena's Arrow,,,,,,,Artemis's Doru,,,
,,,,,,,,,,,,,,,,,,,,,,Galene,Aristaeus,,,,Economides,,,,,,,,,Massila,,,,,Apollo's Spear,,,,,,Breath of Harmonia,Hephaestus's Command,Breath of Harmonia,,Hera's Rage,,,Breath of Harmonia,,,,,Will of Ares,,,,,,,Apollo's Rage,,,
,,,,,,,,,,,,,,,,,,,,,,Galinthias,Alistair,,,,Kamber,,,,,,,,,Megalopolis,,,,,Apollo's Javelin,,,,,,Ceneus,Hestia's Shield,Ceneus,,Demeter's Kopis,,,Ceneus,,,,,Ares's Fist,,,,,,,Athena's Doru,,,
,,,,,,,,,,,,,,,,,,,,,,Harmonia,Jorenr,,,,Voulgarakis,,,,,,,,,Megara,,,,,Hephaestus's Sword,,,,,,Nike's Sword,Hephaestus's Doru,Nike's Sword,,Dionysus's Javelin,,,Nike's Sword,,,,,Dionysus's Courage,,,,,,,Hephaestus's Doru,,,
,,,,,,,,,,,,,,,,,,,,,,Hecate,Grigor,,,,Roumelioti,,,,,,,,,Messene,,,,,Hestia's Doru,,,,,,Enyo's Javelin,Dionysus's Will,Enyo's Javelin,,Apollo's Rage,,,Enyo's Javelin,,,,,Ares's Sword,,,,,,,Apollo's Dagger,,,
,,,,,,,,,,,,,,,,,,,,,,Hedone,Demetrius,,,,Moschos,,,,,,,,,Methone,,,,,Athena's Command,,,,,,Hand of Adrestia,Spirit of Aphrodite,Hand of Adrestia,,Voice of Hermes,,,Hand of Adrestia,,,,,Artemis's Sword,,,,,,,Hephaestus's Vigil,,,
,,,,,,,,,,,,,,,,,,,,,,Hestia,Alastair,,,,Zafeiri,,,,,,,,,Miletus,,,,,Hestia's Chariot,,,,,,Vision of Makhai,Hermes's Sword,Vision of Makhai,,Demeter's Vigil,,,Vision of Makhai,,,,,Voice of Hera,,,,,,,Will of Demeter,,,
,,,,,,,,,,,,,,,,,,,,,,Hippolyta,Attis,,,,Barbas,,,,,,,,,Mylasa,,,,,Vision of Aphrodite,,,,,,Iphitus,Aphrodite's Courage,Iphitus,,Voice of Hera,,,Iphitus,,,,,Hera's Arrow,,,,,,,Spirit of Ares,,,
,,,,,,,,,,,,,,,,,,,,,,Ianthe,Damocles,,,,Papazoglou,,,,,,,,,Myndus,,,,,Artemis's Will,,,,,,Harmonia's Command,Hera's Xiphon,Harmonia's Command,,Athena's Spear,,,Harmonia's Command,,,,,Athena's Steed,,,,,,,Hera's Courage,,,
,,,,,,,,,,,,,,,,,,,,,,Iole,Scamander,,,,Ziakas,,,,,,,,,Mytilene,,,,,Hera's Chariot,,,,,,Elatus,Apollo's Arrow,Elatus,,Dionysus's Dagger,,,Elatus,,,,,Hestia's Vigil,,,,,,,Apollo's Kopis,,,
,,,,,,,,,,,,,,,,,,,,,,Iphigenia,Alcibiades,,,,Roumelioti,,,,,,,,,Naupactus,,,,,Hephaestus's Steed,,,,,,Makhai's Doru,Breath of Hera,Makhai's Doru,,Hestia's Chariot,,,Makhai's Doru,,,,,Hestia's Sarissa,,,,,,,Hermes's Fist,,,
,,,,,,,,,,,,,,,,,,,,,,Irene,Daedalus,,,,Kourti,,,,,,,,,Nicopolis,,,,,Hestia's Sarissa,,,,,,Androgeus,Hand of Hermes,Androgeus,,Will of Hestia,,,Androgeus,,,,,Hephaestus's Xiphon,,,,,,,Artemis's Dagger,,,
,,,,,,,,,,,,,,,,,,,,,,Ismene,Hippolytus,,,,Stavropoulos,,,,,,,,,Nysa,,,,,Hand of Aphrodite,,,,,,Nike's Fist,Hephaestus's Xiphon,Nike's Fist,,Hera's Vigil,,,Nike's Fist,,,,,Aphrodite's Doru,,,,,,,Demeter's Fist,,,
,,,,,,,,,,,,,,,,,,,,,,Jocasta,Charon,,,,Pavlis,,,,,,,,,Oenoe,,,,,Hestia's Javelin,,,,,,Soteria,Hermes's Command,Soteria,,Hera's Steed,,,Soteria,,,,,Apollo's Fist,,,,,,,Hestia's Courage,,,
,,,,,,,,,,,,,,,,,,,,,,Kalliope,Stephenson,,,,Antoniadis,,,,,,,,,Olbia,,,,,Breath of Ares,,,,,,Anteros's Chariot,Hestia's Dagger,Anteros's Chariot,,Aphrodite's Javelin,,,Anteros's Chariot,,,,,Dionysus's Will,,,,,,,Hera's Fist,,,
,,,,,,,,,,,,,,,,,,,,,,Kassandra,Plato,,,,Tsakiridis,,,,,,,,,Olympia,,,,,Aphrodite's Xiphon,,,,,,Nike's Kopis,Artemis's Kopis,Nike's Kopis,,Athena's Xiphon,,,Nike's Kopis,,,,,Artemis's Strike,,,,,,,Will of Hestia,,,
,,,,,,,,,,,,,,,,,,,,,,Kore,Hyacinthus,,,,Ziogas,,,,,,,,,Olynthus,,,,,Hera's Fist,,,,,,Augeas,Hermes's Steed,Augeas,,Word of Hephaestus,,,Augeas,,,,,Vision of Hermes,,,,,,,Artemis's Fist,,,
,,,,,,,,,,,,,,,,,,,,,,Lampetia,Endymion,,,,Nicoli,,,,,,,,,Oreus,,,,,Hestia's Will,,,,,,Spirit of Anteros,Hera's Doru,Spirit of Anteros,,Apollo's Command,,,Spirit of Anteros,,,,,Dionysus's Command,,,,,,,Will of Apollo,,,
,,,,,,,,,,,,,,,,,,,,,,Leda,Pericles,,,,Michou,,,,,,,,,Oropus,,,,,Hera's Arrow,,,,,,Athena Nike,Hera's Steed,Athena Nike,,Hera's Xiphon,,,Athena Nike,,,,,Ares's Arrow,,,,,,,Hermes's Spear,,,
,,,,,,,,,,,,,,,,,,,,,,Leucothea,Euryalus,,,,Christopoulos,,,,,,,,,Pagasae,,,,,Hephaestus's Doru,,,,,,Epopeus,Hand of Hephaestus,Epopeus,,Hermes's Courage,,,Epopeus,,,,,Hermes's Javelin,,,,,,,Hestia's Shield,,,
,,,,,,,,,,,,,,,,,,,,,,Limnoria,Vasyklo,,,,Christodoulopoulos,,,,,,,,,Pandosia,,,,,Ares's Haplon,,,,,,Nike's Rage,Artemis's Shield,Nike's Rage,,Artemis's Spear,,,Nike's Rage,,,,,Hera's Javelin,,,,,,,Ares's Dagger,,,
,,,,,,,,,,,,,,,,,,,,,,Liriope,Icarus,,,,Lappa,,,,,,,,,Paros,,,,,Hera's Spear,,,,,,Asclepius,Athena's Sword,Asclepius,,Apollo's Courage,,,Asclepius,,,,,Dionysus's Strike,,,,,,,Demeter's Shield,,,
,,,,,,,,,,,,,,,,,,,,,,Lyra,Cheiron,,,,Karagkounis,,,,,,,,,Patrae,,,,,Vision of Hermes,,,,,,Adrestia's Haplon,Spirit of Hephaestus,Adrestia's Haplon,,Ares's Vigil,,,Adrestia's Haplon,,,,,Dionysus's Rage,,,,,,,Artemis's Command,,,
,,,,,,,,,,,,,,,,,,,,,,Maia,Evasn,,,,Andreopoulos,,,,,,,,,Pergamum,,,,,Hera's Kopis,,,,,,Adrestia's Spear,Hand of Ares,Adrestia's Spear,,Hermes's Haplon,,,Adrestia's Spear,,,,,Vision of Demeter,,,,,,,Artemis's Javelin,,,
,,,,,,,,,,,,,,,,,,,,,,Medea,Tim,,,,Sotiropoulou,,,,,,,,,Perinthus,,,,,Athena's Spear,,,,,,Adrestia's Command,Breath of Hephaestus,Adrestia's Command,,Hestia's Doru,,,Adrestia's Command,,,,,Aphrodite's Command,,,,,,,Aphrodite's Sword,,,
,,,,,,,,,,,,,,,,,,,,,,Megara,Alexi,,,,Sifakis,,,,,,,,,Phalerum,,,,,Voice of Aphrodite,,,,,,Aristaeus,Apollo's Command,Aristaeus,,Voice of Aphrodite,,,Aristaeus,,,,,Hand of Artemis,,,,,,,Breath of Apollo,,,
,,,,,,,,,,,,,,,,,,,,,,Melia,Laertes,,,,Dimopoulos,,,,,,,,,Pharae,,,,,Hera's Sword,,,,,,Deimos's Doru,Demeter's Rage,Deimos's Doru,,Athena's Kopis,,,Deimos's Doru,,,,,Demeter's Dagger,,,,,,,Will of Athena,,,
,,,,,,,,,,,,,,,,,,,,,,Melina,Dario,,,,Paulos,,,,,,,,,Pherae,,,,,Spirit of Hera,,,,,,Cycnus,Hermes's Arrow,Cycnus,,Demeter's Rage,,,Cycnus,,,,,Hera's Sword,,,,,,,Hera's Spear,,,
,,,,,,,,,,,,,,,,,,,,,,Mneme,Staffen,,,,Thoma,,,,,,,,,Phlius,,,,,Vision of Hephaestus,,,,,,Harmonia's Vigil,Word of Hermes,Harmonia's Vigil,,Ares's Shield,,,Harmonia's Vigil,,,,,Artemis's Vigil,,,,,,,Hermes's Courage,,,
,,,,,,,,,,,,,,,,,,,,,,Myrrha,Amphiaraus,,,,Exarchos,,,,,,,,,Phocaea,,,,,Hermes's Shield,,,,,,Eris's Chariot,Athena's Rage,Eris's Chariot,,Ares's Kopis,,,Eris's Chariot,,,,,Spirit of Hermes,,,,,,,Voice of Hera,,,
,,,,,,,,,,,,,,,,,,,,,,Nausicaa,Teodors,,,,Skiadas,,,,,,,,,Piraeus,,,,,Word of Artemis,,,,,,Kydoimos's Sarissa,Aphrodite's Command,Kydoimos's Sarissa,,Dionysus's Xiphon,,,Kydoimos's Sarissa,,,,,Hera's Rage,,,,,,,Hestia's Fist,,,
,,,,,,,,,,,,,,,,,,,,,,Nemesis,Pieter,,,,Paschalidou,,,,,,,,,Plataea,,,,,Athena's Fist,,,,,,Hand of Harmonia,Aphrodite's Chariot,Hand of Harmonia,,Hermes's Sarissa,,,Hand of Harmonia,,,,,Hand of Apollo,,,,,,,Demeter's Haplon,,,
,,,,,,,,,,,,,,,,,,,,,,Nike,Dmitri,,,,Kitsos,,,,,,,,,Potidaea,,,,,Will of Hera,,,,,,Makhai's Rage,Hestia's Command,Makhai's Rage,,Hera's Spear,,,Makhai's Rage,,,,,Hestia's Chariot,,,,,,,Will of Dionysus,,,
,,,,,,,,,,,,,,,,,,,,,,Nyx,Hades,,,,Tzima,,,,,,,,,Pteleum,,,,,Apollo's Courage,,,,,,Phobos's Sarissa,Athena's Will,Phobos's Sarissa,,Hermes's Dagger,,,Phobos's Sarissa,,,,,Breath of Artemis,,,,,,,Hestia's Strike,,,
,,,,,,,,,,,,,,,,,,,,,,Oenone,Hector,,,,Tzortzi,,,,,,,,,Pydna,,,,,Dionysus's Command,,,,,,Diomedes,Word of Ares,Diomedes,,Artemis's Fist,,,Diomedes,,,,,Spirit of Ares,,,,,,,Hestia's Steed,,,
,,,,,,,,,,,,,,,,,,,,,,Oinone,Ammon,,,,Galatas,,,,,,,,,Pylos,,,,,Apollo's Xiphon,,,,,,Harmonia's Courage,Ares's Haplon,Harmonia's Courage,,Athena's Haplon,,,Harmonia's Courage,,,,,Breath of Ares,,,,,,,Vision of Demeter,,,
,,,,,,,,,,,,,,,,,,,,,,Oreithyia,Achates,,,,Kapsali,,,,,,,,,Rhamnus,,,,,Breath of Apollo,,,,,,Makhai's Shield,Apollo's Steed,Makhai's Shield,,Hephaestus's Arrow,,,Makhai's Shield,,,,,Hephaestus's Arrow,,,,,,,Demeter's Kopis,,,
,,,,,,,,,,,,,,,,,,,,,,Pandora,Sappho,,,,,,,,,,,,,Rhypes,,,,,Ares's Command,,,,,,Voice of Anteros,Breath of Dionysus,Voice of Anteros,,Will of Demeter,,,Voice of Anteros,,,,,Athena's Doru,,,,,,,Artemis's Sword,,,
,,,,,,,,,,,,,,,,,,,,,,Penelope,Alik,,,,,,,,,,,,,Salamis,,,,,Word of Athena,,,,,,Heracles,Apollo's Javelin,Heracles,,Athena's Will,,,Heracles,,,,,Hephaestus's Command,,,,,,,Athena's Chariot,,,
,,,,,,,,,,,,,,,,,,,,,,Persephone,Orpheus,,,,,,,,,,,,,Same,,,,,Artemis's Javelin,,,,,,Achilles,Will of Apollo,Achilles,,Demeter's Courage,,,Achilles,,,,,Demeter's Steed,,,,,,,Dionysus's Kopis,,,
,,,,,,,,,,,,,,,,,,,,,,Phaedra,Kipr,,,,,,,,,,,,,Selinunte,,,,,Hephaestus's Arrow,,,,,,Breath of Deimos,Hera's Command,Breath of Deimos,,Hermes's Steed,,,Breath of Deimos,,,,,Apollo's Spear,,,,,,,Artemis's Courage,,,
,,,,,,,,,,,,,,,,,,,,,,Philemon,Bellerophon,,,,,,,,,,,,,Sestus,,,,,Breath of Artemis,,,,,,Demeter Erinys,Athena's Kopis,Demeter Erinys,,Hephaestus's Command,,,Demeter Erinys,,,,,Aphrodite's Will,,,,,,,Ares's Haplon,,,
,,,,,,,,,,,,,,,,,,,,,,Philia,Ambrocio,,,,,,,,,,,,,Sicyon,,,,,Hestia's Steed,,,,,,Hand of Nike,Apollo's Spear,Hand of Nike,,Athena's Doru,,,Hand of Nike,,,,,Athena's Will,,,,,,,Demeter's Courage,,,
,,,,,,,,,,,,,,,,,,,,,,Philomela,Galen,,,,,,,,,,,,,Stagirus,,,,,Demeter's Strike,,,,,,Almos,Ares's Steed,Almos,,Artemis's Steed,,,Almos,,,,,Will of Demeter,,,,,,,Hephaestus's Command,,,
,,,,,,,,,,,,,,,,,,,,,,Phoebe,Draco,,,,,,,,,,,,,Stymphalus,,,,,Hand of Hephaestus,,,,,,Pronoia,Voice of Hestia,Pronoia,,Hestia's Xiphon,,,Pronoia,,,,,Hephaestus's Will,,,,,,,Vision of Hermes,,,
,,,,,,,,,,,,,,,,,,,,,,Polyhymnia,Solon,,,,,,,,,,,,,Tanagra,,,,,Word of Hephaestus,,,,,,Thanatos,Hermes's Strike,Thanatos,,Apollo's Will,,,Thanatos,,,,,Aphrodite's Xiphon,,,,,,,Hermes's Shield,,,
,,,,,,,,,,,,,,,,,,,,,,Pomona,Androcles,,,,,,,,,,,,,Tegea,,,,,Apollo's Doru,,,,,,Phobos,Vision of Artemis,Phobos,,Artemis's Sword,,,Phobos,,,,,Athena's Strike,,,,,,,Hera's Sarissa,,,
,,,,,,,,,,,,,,,,,,,,,,Proserpina,Diogenes,,,,,,,,,,,,,Teos,,,,,Dionysus's Arrow,,,,,,Philemon,Vision of Dionysus,Philemon,,Aphrodite's Rage,,,Philemon,,,,,Demeter's Xiphon,,,,,,,Hestia's Javelin,,,
,,,,,,,,,,,,,,,,,,,,,,Psyche,Erysichthon,,,,,,,,,,,,,Therma,,,,,Spirit of Apollo,,,,,,Spirit of Makhai,Athena's Dagger,Spirit of Makhai,,Demeter's Fist,,,Spirit of Makhai,,,,,Athena's Shield,,,,,,,Will of Hermes,,,
,,,,,,,,,,,,,,,,,,,,,,Rhea,Theseus,,,,,,,,,,,,,Thermum,,,,,Hermes's Sarissa,,,,,,Anteros's Dagger,Hephaestus's Courage,Anteros's Dagger,,Dionysus's Doru,,,Anteros's Dagger,,,,,Voice of Hephaestus,,,,,,,Breath of Artemis,,,
,,,,,,,,,,,,,,,,,,,,,,Roxane,Zeno,,,,,,,,,,,,,Thespiae,,,,,Hera's Will,,,,,,Alala's Fist,Voice of Apollo,Alala's Fist,,Aphrodite's Command,,,Alala's Fist,,,,,Dionysus's Sword,,,,,,,Hephaestus's Chariot,,,
,,,,,,,,,,,,,,,,,,,,,,Selene,Dorian,,,,,,,,,,,,,Thoricus,,,,,Ares's Sarissa,,,,,,Icarus,Hestia's Arrow,Icarus,,Hand of Apollo,,,Icarus,,,,,Artemis's Haplon,,,,,,,Word of Apollo,,,
,,,,,,,,,,,,,,,,,,,,,,Semele,Epimetheus,,,,,,,,,,,,,Thyreum,,,,,Hephaestus's Fist,,,,,,Porus,Demeter's Xiphon,Porus,,Spirit of Apollo,,,Porus,,,,,Apollo's Javelin,,,,,,,Hermes's Sword,,,
,,,,,,,,,,,,,,,,,,,,,,Sophronia,Aeneas,,,,,,,,,,,,,Thyria,,,,,Artemis's Courage,,,,,,Ajax,Spirit of Artemis,Ajax,,Artemis's Command,,,Ajax,,,,,Hephaestus's Sarissa,,,,,,,Apollo's Fist,,,
,,,,,,,,,,,,,,,,,,,,,,Sybil,Philo,,,,,,,,,,,,,Trachis,,,,,Hephaestus's Command,,,,,,Metus,Dionysus's Kopis,Metus,,Will of Dionysus,,,Metus,,,,,Hermes's Xiphon,,,,,,,Hephaestus's Strike,,,
,,,,,,,,,,,,,,,,,,,,,,Thalia,Euphemius,,,,,,,,,,,,,Troy,,,,,Voice of Hestia,,,,,,Will of Adrestia,Dionysus's Courage,Will of Adrestia,,Aphrodite's Chariot,,,Will of Adrestia,,,,,Hephaestus's Fist,,,,,,,Ares's Steed,,,
,,,,,,,,,,,,,,,,,,,,,,Thetis,Apolo,,,,,,,,,,,,,Zacynthus,,,,,Hermes's Dagger,,,,,,Harmonia's Shield,Voice of Dionysus,Harmonia's Shield,,Athena's Javelin,,,Harmonia's Shield,,,,,Hestia's Kopis,,,,,,,Spirit of Apollo,,,
,,,,,,,,,,,,,,,,,,,,,,Tyche,Aristophanes,,,,,,,,,,,,,,,,,,Hestia's Shield,,,,,,Iphicles,Apollo's Vigil,Iphicles,,Word of Hestia,,,Iphicles,,,,,Hestia's Doru,,,,,,,Aphrodite's Courage,,,
,,,,,,,,,,,,,,,,,,,,,,Urania,Democritus,,,,,,,,,,,,,,,,,,Hand of Ares,,,,,,Aias,Dionysus's Sarissa,Aias,,Athena's Courage,,,Aias,,,,,Hestia's Will,,,,,,,Hand of Hestia,,,
,,,,,,,,,,,,,,,,,,,,,,Vasiliki,Perseus,,,,,,,,,,,,,,,,,,Hermes's Steed,,,,,,Makhai's Arrow,Dionysus's Shield,Makhai's Arrow,,Aphrodite's Steed,,,Makhai's Arrow,,,,,Artemis's Xiphon,,,,,,,Artemis's Steed,,,
,,,,,,,,,,,,,,,,,,,,,,Vesta,Polydectes,,,,,,,,,,,,,,,,,,Vision of Dionysus,,,,,,Harmonia's Sword,Word of Aphrodite,Harmonia's Sword,,Apollo's Fist,,,Harmonia's Sword,,,,,Artemis's Shield,,,,,,,Athena's Arrow,,,
,,,,,,,,,,,,,,,,,,,,,,Wilona,Alastor,,,,,,,,,,,,,,,,,,Hephaestus's Vigil,,,,,,Makhai's Dagger,Hestia's Courage,Makhai's Dagger,,Demeter's Command,,,Makhai's Dagger,,,,,Artemis's Will,,,,,,,Vision of Hestia,,,
,,,,,,,,,,,,,,,,,,,,,,Xanthe,Taidgh,,,,,,,,,,,,,,,,,,Hermes's Kopis,,,,,,Deimos's Spear,Aphrodite's Haplon,Deimos's Spear,,Will of Apollo,,,Deimos's Spear,,,,,Hera's Steed,,,,,,,Vision of Artemis,,,
,,,,,,,,,,,,,,,,,,,,,,Xanthippe,Juliusr,,,,,,,,,,,,,,,,,,Vision of Artemis,,,,,,Harmonia's Spear,Apollo's Chariot,Harmonia's Spear,,Hephaestus's Kopis,,,Harmonia's Spear,,,,,Demeter's Javelin,,,,,,,Demeter's Strike,,,
,,,,,,,,,,,,,,,,,,,,,,Zenobia,Apollo,,,,,,,,,,,,,,,,,,Artemis's Xiphon,,,,,,Enyalius,Hand of Apollo,Enyalius,,Apollo's Haplon,,,Enyalius,,,,,Spirit of Apollo,,,,,,,Spirit of Hephaestus,,,
,,,,,,,,,,,,,,,,,,,,,,Zephyrine,Nestor,,,,,,,,,,,,,,,,,,Athena's Haplon,,,,,,Laodocus,Artemis's Courage,Laodocus,,Hermes's Doru,,,Laodocus,,,,,Spirit of Hera,,,,,,,Vision of Aphrodite,,,
,,,,,,,,,,,,,,,,,,,,,,Zara,Vasileios,,,,,,,,,,,,,,,,,,Aphrodite's Doru,,,,,,Hand of Alala,Ares's Fist,Hand of Alala,,Hermes's Chariot,,,Hand of Alala,,,,,Artemis's Arrow,,,,,,,Voice of Artemis,,,
,,,,,,,,,,,,,,,,,,,,,,,Homer,,,,,,,,,,,,,,,,,,Hephaestus's Xiphon,,,,,,Spirit of Harmonia,Demeter's Shield,Spirit of Harmonia,,Hermes's Command,,,Spirit of Harmonia,,,,,Hand of Demeter,,,,,,,Hestia's Dagger,,,
,,,,,,,,,,,,,,,,,,,,,,,Euclid,,,,,,,,,,,,,,,,,,Demeter's Command,,,,,,Enyo's Doru,Dionysus's Fist,Enyo's Doru,,Spirit of Demeter,,,Enyo's Doru,,,,,Word of Hestia,,,,,,,Ares's Xiphon,,,
,,,,,,,,,,,,,,,,,,,,,,,Ajax,,,,,,,,,,,,,,,,,,Artemis's Doru,,,,,,Kakia,Aphrodite's Spear,Kakia,,Hephaestus's Shield,,,Kakia,,,,,Hand of Hera,,,,,,,Athena's Spear,,,
,,,,,,,,,,,,,,,,,,,,,,,Castor,,,,,,,,,,,,,,,,,,Hermes's Spear,,,,,,Makhai's Xiphon,Athena's Vigil,Makhai's Xiphon,,Demeter's Chariot,,,Makhai's Xiphon,,,,,Apollo's Will,,,,,,,Word of Dionysus,,,
,,,,,,,,,,,,,,,,,,,,,,,Ocnus,,,,,,,,,,,,,,,,,,Athena's Chariot,,,,,,Kydoimos's Dagger,Hestia's Kopis,Kydoimos's Dagger,,Hestia's Arrow,,,Kydoimos's Dagger,,,,,Dionysus's Xiphon,,,,,,,Aphrodite's Steed,,,
,,,,,,,,,,,,,,,,,,,,,,,Sophocles,,,,,,,,,,,,,,,,,,Spirit of Hephaestus,,,,,,Phonoi,Aphrodite's Fist,Phonoi,,Athena's Steed,,,Phonoi,,,,,Voice of Apollo,,,,,,,Artemis's Chariot,,,
,,,,,,,,,,,,,,,,,,,,,,,Pythagoras,,,,,,,,,,,,,,,,,,Voice of Athena,,,,,,Nike's Arrow,Dionysus's Haplon,Nike's Arrow,,Breath of Hera,,,Nike's Arrow,,,,,Vision of Hera,,,,,,,Artemis's Kopis,,,
,,,,,,,,,,,,,,,,,,,,,,,Jocastus,,,,,,,,,,,,,,,,,,Demeter's Arrow,,,,,,Alala's Vigil,Word of Hestia,Alala's Vigil,,Hand of Hera,,,Alala's Vigil,,,,,Dionysus's Sarissa,,,,,,,Dionysus's Sarissa,,,
,,,,,,,,,,,,,,,,,,,,,,,Diocles,,,,,,,,,,,,,,,,,,Hera's Strike,,,,,,Deimos's Xiphon,Hand of Dionysus,Deimos's Xiphon,,Apollo's Doru,,,Deimos's Xiphon,,,,,Hephaestus's Spear,,,,,,,Apollo's Steed,,,
,,,,,,,,,,,,,,,,,,,,,,,Xanthus,,,,,,,,,,,,,,,,,,Hand of Hermes,,,,,,Eris's Doru,Athena's Spear,Eris's Doru,,Athena's Sarissa,,,Eris's Doru,,,,,Artemis's Chariot,,,,,,,Aphrodite's Dagger,,,
,,,,,,,,,,,,,,,,,,,,,,,Kozma,,,,,,,,,,,,,,,,,,Spirit of Ares,,,,,,Makhai's Javelin,Athena's Chariot,Makhai's Javelin,,Hephaestus's Chariot,,,Makhai's Javelin,,,,,Ares's Kopis,,,,,,,Athena's Shield,,,
,,,,,,,,,,,,,,,,,,,,,,,Adonis,,,,,,,,,,,,,,,,,,Dionysus's Vigil,,,,,,Eris's Fist,Hera's Vigil,Eris's Fist,,Hephaestus's Will,,,Eris's Fist,,,,,Vision of Athena,,,,,,,Hera's Shield,,,
,,,,,,,,,,,,,,,,,,,,,,,Aristotelis,,,,,,,,,,,,,,,,,,Aphrodite's Sword,,,,,,Anteros's Xiphon,Hestia's Javelin,Anteros's Xiphon,,Hephaestus's Dagger,,,Anteros's Xiphon,,,,,Spirit of Demeter,,,,,,,Hera's Arrow,,,
,,,,,,,,,,,,,,,,,,,,,,,Pausanias,,,,,,,,,,,,,,,,,,Apollo's Fist,,,,,,Harmonia's Arrow,Artemis's Javelin,Harmonia's Arrow,,Artemis's Sarissa,,,Harmonia's Arrow,,,,,Hermes's Arrow,,,,,,,Demeter's Will,,,
,,,,,,,,,,,,,,,,,,,,,,,Daemon,,,,,,,,,,,,,,,,,,Aphrodite's Will,,,,,,Nike's Chariot,Athena's Courage,Nike's Chariot,,Artemis's Xiphon,,,Nike's Chariot,,,,,Hand of Hephaestus,,,,,,,Word of Hermes,,,
,,,,,,,,,,,,,,,,,,,,,,,Palamedes,,,,,,,,,,,,,,,,,,Aphrodite's Steed,,,,,,Phobos's Haplon,Spirit of Hestia,Phobos's Haplon,,Apollo's Kopis,,,Phobos's Haplon,,,,,Voice of Athena,,,,,,,Aphrodite's Vigil,,,
,,,,,,,,,,,,,,,,,,,,,,,Dionysus,,,,,,,,,,,,,,,,,,Hermes's Javelin,,,,,,Enyo's Courage,Demeter's Javelin,Enyo's Courage,,Apollo's Sarissa,,,Enyo's Courage,,,,,Hermes's Command,,,,,,,Ares's Chariot,,,
,,,,,,,,,,,,,,,,,,,,,,,Procrustes,,,,,,,,,,,,,,,,,,Demeter's Shield,,,,,,Dinlas,Demeter's Doru,Dinlas,,Will of Hera,,,Dinlas,,,,,Athena's Chariot,,,,,,,Aphrodite's Spear,,,
,,,,,,,,,,,,,,,,,,,,,,,Krystalynn,,,,,,,,,,,,,,,,,,Demeter's Vigil,,,,,,Anteros's Javelin,Ares's Kopis,Anteros's Javelin,,Athena's Arrow,,,Anteros's Javelin,,,,,Hephaestus's Rage,,,,,,,Hera's Doru,,,
,,,,,,,,,,,,,,,,,,,,,,,Socrates,,,,,,,,,,,,,,,,,,Hand of Athena,,,,,,Myrmidon,Hephaestus's Kopis,Myrmidon,,Dionysus's Haplon,,,Myrmidon,,,,,Aphrodite's Rage,,,,,,,Ares's Arrow,,,
,,,,,,,,,,,,,,,,,,,,,,,Cleisthenes,,,,,,,,,,,,,,,,,,Vision of Apollo,,,,,,Makhai's Command,Word of Demeter,Makhai's Command,,Apollo's Xiphon,,,Makhai's Command,,,,,Vision of Dionysus,,,,,,,Ares's Will,,,
,,,,,,,,,,,,,,,,,,,,,,,Damaskenos,,,,,,,,,,,,,,,,,,Apollo's Haplon,,,,,,Kydoimos's Rage,Apollo's Kopis,Kydoimos's Rage,,Apollo's Dagger,,,Kydoimos's Rage,,,,,Athena's Javelin,,,,,,,Hera's Kopis,,,
,,,,,,,,,,,,,,,,,,,,,,,Phillip,,,,,,,,,,,,,,,,,,Will of Apollo,,,,,,Deucalion,Voice of Hephaestus,Deucalion,,Hera's Arrow,,,Deucalion,,,,,Hestia's Command,,,,,,,Athena's Courage,,,
,,,,,,,,,,,,,,,,,,,,,,,Philemon,,,,,,,,,,,,,,,,,,Aphrodite's Arrow,,,,,,Deimos's Chariot,Hermes's Dagger,Deimos's Chariot,,Vision of Dionysus,,,Deimos's Chariot,,,,,Ares's Strike,,,,,,,Breath of Hephaestus,,,
,,,,,,,,,,,,,,,,,,,,,,,Dardanus,,,,,,,,,,,,,,,,,,Ares's Doru,,,,,,Leonteus,Demeter's Kopis,Leonteus,,Hephaestus's Steed,,,Leonteus,,,,,Athena's Haplon,,,,,,,Dionysus's Chariot,,,
,,,,,,,,,,,,,,,,,,,,,,,Hephaestus,,,,,,,,,,,,,,,,,,Artemis's Chariot,,,,,,Anicetus,Word of Apollo,Anicetus,,Athena's Chariot,,,Anicetus,,,,,Apollo's Sarissa,,,,,,,Demeter's Sarissa,,,
,,,,,,,,,,,,,,,,,,,,,,,Pandareos,,,,,,,,,,,,,,,,,,Word of Aphrodite,,,,,,Spirit of Adrestia,Breath of Artemis,Spirit of Adrestia,,Hestia's Javelin,,,Spirit of Adrestia,,,,,Dionysus's Kopis,,,,,,,Demeter's Spear,,,
,,,,,,,,,,,,,,,,,,,,,,,Triptolemus,,,,,,,,,,,,,,,,,,Hephaestus's Spear,,,,,,Actaeon,Apollo's Fist,Actaeon,,Hephaestus's Strike,,,Actaeon,,,,,Will of Artemis,,,,,,,Aphrodite's Sarissa,,,
,,,,,,,,,,,,,,,,,,,,,,,Ellis,,,,,,,,,,,,,,,,,,Will of Dionysus,,,,,,Anteros's Sarissa,Apollo's Shield,Anteros's Sarissa,,Aphrodite's Sarissa,,,Anteros's Sarissa,,,,,Hermes's Shield,,,,,,,Hestia's Vigil,,,
,,,,,,,,,,,,,,,,,,,,,,,Aristarchus,,,,,,,,,,,,,,,,,,Will of Demeter,,,,,,Demoleon,Breath of Hermes,Demoleon,,Hephaestus's Xiphon,,,Demoleon,,,,,Artemis's Javelin,,,,,,,Hermes's Dagger,,,
,,,,,,,,,,,,,,,,,,,,,,,,,,,,,,,,,,,,,,,,,Aphrodite's Rage,,,,,,Proioxis,Dionysus's Vigil,Proioxis,,Artemis's Dagger,,,Proioxis,,,,,Apollo's Doru,,,,,,,Ares's Vigil,,,
,,,,,,,,,,,,,,,,,,,,,,,,,,,,,,,,,,,,,,,,,Spirit of Hermes,,,,,,Deiphobus,Breath of Athena,Deiphobus,,Hestia's Command,,,Deiphobus,,,,,Demeter's Haplon,,,,,,,Ares's Sarissa,,,
,,,,,,,,,,,,,,,,,,,,,,,,,,,,,,,,,,,,,,,,,Hestia's Xiphon,,,,,,Enyo's Haplon,Hestia's Spear,Enyo's Haplon,,Aphrodite's Kopis,,,Enyo's Haplon,,,,,Hestia's Strike,,,,,,,Apollo's Xiphon,,,
,,,,,,,,,,,,,,,,,,,,,,,,,,,,,,,,,,,,,,,,,Ares's Steed,,,,,,Will of Harmonia,Word of Dionysus,Will of Harmonia,,Hestia's Shield,,,Will of Harmonia,,,,,Ares's Xiphon,,,,,,,Apollo's Courage,,,
,,,,,,,,,,,,,,,,,,,,,,,,,,,,,,,,,,,,,,,,,Athena's Javelin,,,,,,Deimos's Rage,Will of Hephaestus,Deimos's Rage,,Hand of Ares,,,Deimos's Rage,,,,,Hestia's Sword,,,,,,,Word of Athena,,,
,,,,,,,,,,,,,,,,,,,,,,,,,,,,,,,,,,,,,,,,,Hand of Apollo,,,,,,Word of Harmonia,Hephaestus's Will,Word of Harmonia,,Apollo's Chariot,,,Word of Harmonia,,,,,Hestia's Steed,,,,,,,Hestia's Haplon,,,
,,,,,,,,,,,,,,,,,,,,,,,,,,,,,,,,,,,,,,,,,Voice of Apollo,,,,,,Vision of Enyo,Hestia's Rage,Vision of Enyo,,Dionysus's Fist,,,Vision of Enyo,,,,,Ares's Will,,,,,,,Hephaestus's Courage,,,
,,,,,,,,,,,,,,,,,,,,,,,,,,,,,,,,,,,,,,,,,Dionysus's Rage,,,,,,Vision of Deimos,Ares's Chariot,Vision of Deimos,,Hestia's Sword,,,Vision of Deimos,,,,,Ares's Javelin,,,,,,,Vision of Apollo,,,
,,,,,,,,,,,,,,,,,,,,,,,,,,,,,,,,,,,,,,,,,Aphrodite's Dagger,,,,,,Echetlus,Hera's Rage,Echetlus,,Ares's Sarissa,,,Echetlus,,,,,Apollo's Arrow,,,,,,,Hermes's Arrow,,,
,,,,,,,,,,,,,,,,,,,,,,,,,,,,,,,,,,,,,,,,,Ares's Kopis,,,,,,Oileus,Vision of Athena,Oileus,,Will of Ares,,,Oileus,,,,,Apollo's Command,,,,,,,Hermes's Strike,,,
,,,,,,,,,,,,,,,,,,,,,,,,,,,,,,,,,,,,,,,,,Athena's Vigil,,,,,,Anteros's Command,Apollo's Sword,Anteros's Command,,Demeter's Xiphon,,,Anteros's Command,,,,,Voice of Ares,,,,,,,Athena's Rage,,,
,,,,,,,,,,,,,,,,,,,,,,,,,,,,,,,,,,,,,,,,,Dionysus's Sword,,,,,,Enyo's Rage,Ares's Courage,Enyo's Rage,,Hand of Aphrodite,,,Enyo's Rage,,,,,Artemis's Dagger,,,,,,,Athena's Javelin,,,
,,,,,,,,,,,,,,,,,,,,,,,,,,,,,,,,,,,,,,,,,Athena's Steed,,,,,,Makhai's Spear,Ares's Shield,Makhai's Spear,,Hand of Demeter,,,Makhai's Spear,,,,,Breath of Apollo,,,,,,,Aphrodite's Rage,,,
,,,,,,,,,,,,,,,,,,,,,,,,,,,,,,,,,,,,,,,,,Demeter's Courage,,,,,,Deimos's Haplon,Apollo's Doru,Deimos's Haplon,,Spirit of Ares,,,Deimos's Haplon,,,,,Dionysus's Haplon,,,,,,,Hephaestus's Fist,,,
,,,,,,,,,,,,,,,,,,,,,,,,,,,,,,,,,,,,,,,,,Hera's Rage,,,,,,Melampus,Ares's Sarissa,Melampus,,Breath of Athena,,,Melampus,,,,,Aphrodite's Shield,,,,,,,Demeter's Chariot,,,
,,,,,,,,,,,,,,,,,,,,,,,,,,,,,,,,,,,,,,,,,Demeter's Dagger,,,,,,Lycomedes,Ares's Spear,Lycomedes,,Ares's Courage,,,Lycomedes,,,,,Dionysus's Javelin,,,,,,,Artemis's Rage,,,
,,,,,,,,,,,,,,,,,,,,,,,,,,,,,,,,,,,,,,,,,Word of Hera,,,,,,Nike's Vigil,Demeter's Dagger,Nike's Vigil,,Hermes's Kopis,,,Nike's Vigil,,,,,Apollo's Shield,,,,,,,Hermes's Steed,,,
,,,,,,,,,,,,,,,,,,,,,,,,,,,,,,,,,,,,,,,,,Artemis's Kopis,,,,,,Iasus,Ares's Sword,Iasus,,Aphrodite's Courage,,,Iasus,,,,,Aphrodite's Haplon,,,,,,,Voice of Apollo,,,
,,,,,,,,,,,,,,,,,,,,,,,,,,,,,,,,,,,,,,,,,Voice of Ares,,,,,,Capaneus,Hand of Hestia,Capaneus,,Breath of Apollo,,,Capaneus,,,,,Vision of Aphrodite,,,,,,,Hephaestus's Xiphon,,,
,,,,,,,,,,,,,,,,,,,,,,,,,,,,,,,,,,,,,,,,,Artemis's Sword,,,,,,Makhai's Strike,Artemis's Dagger,Makhai's Strike,,Hephaestus's Haplon,,,Makhai's Strike,,,,,Athena's Courage,,,,,,,Artemis's Vigil,,,
,,,,,,,,,,,,,,,,,,,,,,,,,,,,,,,,,,,,,,,,,Aphrodite's Sarissa,,,,,,Thrasos,Demeter's Vigil,Thrasos,,Word of Aphrodite,,,Thrasos,,,,,Artemis's Steed,,,,,,,Spirit of Hermes,,,
,,,,,,,,,,,,,,,,,,,,,,,,,,,,,,,,,,,,,,,,,Hephaestus's Will,,,,,,Alala's Sword,Hera's Sword,Alala's Sword,,Aphrodite's Fist,,,Alala's Sword,,,,,Demeter's Sarissa,,,,,,,Hestia's Sword,,,
,,,,,,,,,,,,,,,,,,,,,,,,,,,,,,,,,,,,,,,,,Athena's Strike,,,,,,Eris's Rage,Spirit of Dionysus,Eris's Rage,,Hermes's Strike,,,Eris's Rage,,,,,Vision of Artemis,,,,,,,Word of Hestia,,,
,,,,,,,,,,,,,,,,,,,,,,,,,,,,,,,,,,,,,,,,,Voice of Hera,,,,,,Nike's Xiphon,Apollo's Haplon,Nike's Xiphon,,Hera's Courage,,,Nike's Xiphon,,,,,Hestia's Arrow,,,,,,,Hera's Steed,,,
,,,,,,,,,,,,,,,,,,,,,,,,,,,,,,,,,,,,,,,,,Hestia's Strike,,,,,,Enyo's Command,Will of Aphrodite,Enyo's Command,,Dionysus's Arrow,,,Enyo's Command,,,,,Breath of Dionysus,,,,,,,Dionysus's Haplon,,,
,,,,,,,,,,,,,,,,,,,,,,,,,,,,,,,,,,,,,,,,,Vision of Hera,,,,,,Corythus,Ares's Javelin,Corythus,,Aphrodite's Strike,,,Corythus,,,,,Hephaestus's Doru,,,,,,,Hestia's Doru,,,
,,,,,,,,,,,,,,,,,,,,,,,,,,,,,,,,,,,,,,,,,Demeter's Rage,,,,,,Adrestia's Arrow,Hermes's Sarissa,Adrestia's Arrow,,Word of Dionysus,,,Adrestia's Arrow,,,,,Word of Hera,,,,,,,Hephaestus's Arrow,,,
,,,,,,,,,,,,,,,,,,,,,,,,,,,,,,,,,,,,,,,,,Apollo's Steed,,,,,,Ascalaphus,Dionysus's Arrow,Ascalaphus,,Demeter's Doru,,,Ascalaphus,,,,,Hermes's Sarissa,,,,,,,Apollo's Arrow,,,
,,,,,,,,,,,,,,,,,,,,,,,,,,,,,,,,,,,,,,,,,Ares's Arrow,,,,,,Broteas,Hera's Shield,Broteas,,Artemis's Strike,,,Broteas,,,,,Breath of Athena,,,,,,,Aphrodite's Xiphon,,,
,,,,,,,,,,,,,,,,,,,,,,,,,,,,,,,,,,,,,,,,,Ares's Chariot,,,,,,Daedalus,Vision of Hera,Daedalus,,Aphrodite's Doru,,,Daedalus,,,,,Hestia's Fist,,,,,,,Athena's Haplon,,,
,,,,,,,,,,,,,,,,,,,,,,,,,,,,,,,,,,,,,,,,,Hephaestus's Courage,,,,,,Adrestia's Shield,Athena's Xiphon,Adrestia's Shield,,Hera's Kopis,,,Adrestia's Shield,,,,,Hand of Aphrodite,,,,,,,Apollo's Haplon,,,
,,,,,,,,,,,,,,,,,,,,,,,,,,,,,,,,,,,,,,,,,Demeter's Sarissa,,,,,,Eurytion,Hephaestus's Sword,Eurytion,,Artemis's Kopis,,,Eurytion,,,,,Demeter's Kopis,,,,,,,Athena's Vigil,,,
,,,,,,,,,,,,,,,,,,,,,,,,,,,,,,,,,,,,,,,,,Dionysus's Doru,,,,,,Makhai,Hephaestus's Rage,Makhai,,Hand of Dionysus,,,Makhai,,,,,Word of Demeter,,,,,,,Demeter's Steed,,,
,,,,,,,,,,,,,,,,,,,,,,,,,,,,,,,,,,,,,,,,,Athena's Will,,,,,,Phobos's Chariot,Voice of Aphrodite,Phobos's Chariot,,Hera's Fist,,,Phobos's Chariot,,,,,Hand of Athena,,,,,,,Athena's Will,,,
,,,,,,,,,,,,,,,,,,,,,,,,,,,,,,,,,,,,,,,,,Vision of Demeter,,,,,,Breath of Alala,Dionysus's Xiphon,Breath of Alala,,Dionysus's Strike,,,Breath of Alala,,,,,Aphrodite's Vigil,,,,,,,Artemis's Strike,,,
,,,,,,,,,,,,,,,,,,,,,,,,,,,,,,,,,,,,,,,,,Ares's Will,,,,,,Vision of Alala,Hera's Will,Vision of Alala,,Hephaestus's Sarissa,,,Vision of Alala,,,,,Dionysus's Fist,,,,,,,Hermes's Vigil,,,
,,,,,,,,,,,,,,,,,,,,,,,,,,,,,,,,,,,,,,,,,Hermes's Rage,,,,,,Phobos's Dagger,Artemis's Haplon,Phobos's Dagger,,Ares's Doru,,,Phobos's Dagger,,,,,Spirit of Dionysus,,,,,,,Hand of Demeter,,,
,,,,,,,,,,,,,,,,,,,,,,,,,,,,,,,,,,,,,,,,,Hestia's Dagger,,,,,,Patroclus,Artemis's Chariot,Patroclus,,Artemis's Will,,,Patroclus,,,,,Artemis's Kopis,,,,,,,Word of Ares,,,
,,,,,,,,,,,,,,,,,,,,,,,,,,,,,,,,,,,,,,,,,Spirit of Dionysus,,,,,,Harmonia,Vision of Ares,Harmonia,,Ares's Will,,,Harmonia,,,,,Ares's Command,,,,,,,Ares's Courage,,,
,,,,,,,,,,,,,,,,,,,,,,,,,,,,,,,,,,,,,,,,,Athena's Rage,,,,,,Anteros's Haplon,Hephaestus's Vigil,Anteros's Haplon,,Dionysus's Vigil,,,Anteros's Haplon,,,,,Demeter's Chariot,,,,,,,Will of Hera,,,
,,,,,,,,,,,,,,,,,,,,,,,,,,,,,,,,,,,,,,,,,Dionysus's Chariot,,,,,,Phobos's Strike,Apollo's Strike,Phobos's Strike,,Dionysus's Rage,,,Phobos's Strike,,,,,Ares's Dagger,,,,,,,Hestia's Arrow,,,
,,,,,,,,,,,,,,,,,,,,,,,,,,,,,,,,,,,,,,,,,Hermes's Doru,,,,,,Lyssa,Hestia's Xiphon,Lyssa,,Word of Hermes,,,Lyssa,,,,,Hermes's Chariot,,,,,,,Spirit of Demeter,,,
,,,,,,,,,,,,,,,,,,,,,,,,,,,,,,,,,,,,,,,,,Will of Hermes,,,,,,Harmonia's Rage,Hera's Strike,Harmonia's Rage,,Hephaestus's Spear,,,Harmonia's Rage,,,,,Aphrodite's Sword,,,,,,,Spirit of Dionysus,,,
,,,,,,,,,,,,,,,,,,,,,,,,,,,,,,,,,,,,,,,,,Apollo's Dagger,,,,,,Word of Phobos,Spirit of Hera,Word of Phobos,,Hera's Sword,,,Word of Phobos,,,,,Hand of Ares,,,,,,,Will of Aphrodite,,,
,,,,,,,,,,,,,,,,,,,,,,,,,,,,,,,,,,,,,,,,,Dionysus's Fist,,,,,,Phobos's Command,Demeter's Fist,Phobos's Command,,Hestia's Steed,,,Phobos's Command,,,,,Ares's Rage,,,,,,,Athena's Command,,,
,,,,,,,,,,,,,,,,,,,,,,,,,,,,,,,,,,,,,,,,,Athena's Arrow,,,,,,Harmonia's Steed,Ares's Vigil,Harmonia's Steed,,Hermes's Arrow,,,Harmonia's Steed,,,,,Hermes's Strike,,,,,,,Spirit of Hestia,,,
,,,,,,,,,,,,,,,,,,,,,,,,,,,,,,,,,,,,,,,,,Will of Artemis,,,,,,Word of Anteros,Aphrodite's Arrow,Word of Anteros,,Will of Aphrodite,,,Word of Anteros,,,,,Hera's Shield,,,,,,,Apollo's Command,,,
,,,,,,,,,,,,,,,,,,,,,,,,,,,,,,,,,,,,,,,,,Demeter's Kopis,,,,,,Eris's Kopis,Apollo's Courage,Eris's Kopis,,Athena's Rage,,,Eris's Kopis,,,,,Voice of Hermes,,,,,,,Hephaestus's Shield,,,
,,,,,,,,,,,,,,,,,,,,,,,,,,,,,,,,,,,,,,,,,Ares's Sword,,,,,,Nomos,Hera's Kopis,Nomos,,Aphrodite's Haplon,,,Nomos,,,,,Vision of Ares,,,,,,,Artemis's Xiphon,,,
,,,,,,,,,,,,,,,,,,,,,,,,,,,,,,,,,,,,,,,,,Apollo's Shield,,,,,,Deimos's Dagger,Ares's Dagger,Deimos's Dagger,,Hestia's Strike,,,Deimos's Dagger,,,,,Ares's Courage,,,,,,,Aphrodite's Kopis,,,
,,,,,,,,,,,,,,,,,,,,,,,,,,,,,,,,,,,,,,,,,Hephaestus's Rage,,,,,,Harmonia's Fist,Artemis's Command,Harmonia's Fist,,Demeter's Steed,,,Harmonia's Fist,,,,,Hephaestus's Sword,,,,,,,Dionysus's Shield,,,
,,,,,,,,,,,,,,,,,,,,,,,,,,,,,,,,,,,,,,,,,Spirit of Demeter,,,,,,Dryops,Spirit of Athena,Dryops,,Hestia's Will,,,Dryops,,,,,Spirit of Athena,,,,,,,Apollo's Will,,,
,,,,,,,,,,,,,,,,,,,,,,,,,,,,,,,,,,,,,,,,,Hermes's Fist,,,,,,Kydoimos's Strike,Hand of Hera,Kydoimos's Strike,,Artemis's Shield,,,Kydoimos's Strike,,,,,Athena's Sarissa,,,,,,,Demeter's Command,,,
,,,,,,,,,,,,,,,,,,,,,,,,,,,,,,,,,,,,,,,,,Artemis's Strike,,,,,,Adrestia's Javelin,Aphrodite's Doru,Adrestia's Javelin,,Dionysus's Command,,,Adrestia's Javelin,,,,,Apollo's Vigil,,,,,,,Will of Ares,,,
,,,,,,,,,,,,,,,,,,,,,,,,,,,,,,,,,,,,,,,,,Hestia's Kopis,,,,,,Asterion,Will of Dionysus,Asterion,,Vision of Apollo,,,Asterion,,,,,Athena's Command,,,,,,,Ares's Fist,,,
,,,,,,,,,,,,,,,,,,,,,,,,,,,,,,,,,,,,,,,,,Apollo's Sarissa,,,,,,Word of Alala,Hera's Dagger,Word of Alala,,Hestia's Sarissa,,,Word of Alala,,,,,Vision of Hestia,,,,,,,Hephaestus's Steed,,,
,,,,,,,,,,,,,,,,,,,,,,,,,,,,,,,,,,,,,,,,,Athena's Shield,,,,,,Mecisteus,Hestia's Doru,Mecisteus,,Hand of Athena,,,Mecisteus,,,,,Word of Artemis,,,,,,,Hermes's Kopis,,,
,,,,,,,,,,,,,,,,,,,,,,,,,,,,,,,,,,,,,,,,,Dionysus's Kopis,,,,,,Alala's Chariot,Hera's Courage,Alala's Chariot,,Spirit of Artemis,,,Alala's Chariot,,,,,Hermes's Dagger,,,,,,,Dionysus's Command,,,
,,,,,,,,,,,,,,,,,,,,,,,,,,,,,,,,,,,,,,,,,Hestia's Rage,,,,,,Jason,Hera's Sarissa,Jason,,Word of Athena,,,Jason,,,,,Athena's Dagger,,,,,,,Vision of Hephaestus,,,
,,,,,,,,,,,,,,,,,,,,,,,,,,,,,,,,,,,,,,,,,Hestia's Sword,,,,,,Kydoimos's Will,Hermes's Chariot,Kydoimos's Will,,Hephaestus's Vigil,,,Kydoimos's Will,,,,,Hera's Will,,,,,,,Demeter's Xiphon,,,
,,,,,,,,,,,,,,,,,,,,,,,,,,,,,,,,,,,,,,,,,Artemis's Arrow,,,,,,Eris's Courage,Vision of Aphrodite,Eris's Courage,,Athena's Command,,,Eris's Courage,,,,,Hestia's Rage,,,,,,,Aphrodite's Javelin,,,
,,,,,,,,,,,,,,,,,,,,,,,,,,,,,,,,,,,,,,,,,Demeter's Chariot,,,,,,Aeneas,Hephaestus's Strike,Aeneas,,Artemis's Javelin,,,Aeneas,,,,,Dionysus's Dagger,,,,,,,Hand of Dionysus,,,
,,,,,,,,,,,,,,,,,,,,,,,,,,,,,,,,,,,,,,,,,Aphrodite's Courage,,,,,,Anteros's Arrow,Voice of Artemis,Anteros's Arrow,,Breath of Dionysus,,,Anteros's Arrow,,,,,Hephaestus's Steed,,,,,,,Hand of Athena,,,
,,,,,,,,,,,,,,,,,,,,,,,,,,,,,,,,,,,,,,,,,Ares's Javelin,,,,,,Dolos,Aphrodite's Sword,Dolos,,Word of Demeter,,,Dolos,,,,,Apollo's Strike,,,,,,,Apollo's Sarissa,,,
,,,,,,,,,,,,,,,,,,,,,,,,,,,,,,,,,,,,,,,,,Apollo's Rage,,,,,,Adrestia's Strike,Word of Hera,Adrestia's Strike,,Artemis's Haplon,,,Adrestia's Strike,,,,,Artemis's Spear,,,,,,,Ares's Strike,,,
,,,,,,,,,,,,,,,,,,,,,,,,,,,,,,,,,,,,,,,,,Spirit of Aphrodite,,,,,,Voice of Adrestia,Athena's Doru,Voice of Adrestia,,Spirit of Aphrodite,,,Voice of Adrestia,,,,,Athena's Xiphon,,,,,,,Hera's Strike,,,
,,,,,,,,,,,,,,,,,,,,,,,,,,,,,,,,,,,,,,,,,Artemis's Haplon,,,,,,Phobos's Shield,Ares's Command,Phobos's Shield,,Vision of Aphrodite,,,Phobos's Shield,,,,,Apollo's Steed,,,,,,,Aphrodite's Shield,,,
,,,,,,,,,,,,,,,,,,,,,,,,,,,,,,,,,,,,,,,,,Hestia's Arrow,,,,,,Ialmenus,Demeter's Steed,Ialmenus,,Aphrodite's Will,,,Ialmenus,,,,,Demeter's Will,,,,,,,Hephaestus's Sword,,,
,,,,,,,,,,,,,,,,,,,,,,,,,,,,,,,,,,,,,,,,,Breath of Hestia,,,,,,Vision of Phobos,Will of Artemis,Vision of Phobos,,Athena's Vigil,,,Vision of Phobos,,,,,Will of Dionysus,,,,,,,Hestia's Will,,,
,,,,,,,,,,,,,,,,,,,,,,,,,,,,,,,,,,,,,,,,,Ares's Courage,,,,,,Eris's Strike,Athena's Arrow,Eris's Strike,,Hermes's Sword,,,Eris's Strike,,,,,Aphrodite's Strike,,,,,,,Ares's Spear,,,
,,,,,,,,,,,,,,,,,,,,,,,,,,,,,,,,,,,,,,,,,Hand of Demeter,,,,,,Word of Deimos,Hera's Spear,Word of Deimos,,Demeter's Spear,,,Word of Deimos,,,,,Hestia's Dagger,,,,,,,Athena's Steed,,,
,,,,,,,,,,,,,,,,,,,,,,,,,,,,,,,,,,,,,,,,,Artemis's Steed,,,,,,Makhai's Haplon,Aphrodite's Vigil,Makhai's Haplon,,Hephaestus's Doru,,,Makhai's Haplon,,,,,Hestia's Courage,,,,,,,Voice of Dionysus,,,
,,,,,,,,,,,,,,,,,,,,,,,,,,,,,,,,,,,,,,,,,Hestia's Fist,,,,,,Will of Phobos,Demeter's Sarissa,Will of Phobos,,Aphrodite's Dagger,,,Will of Phobos,,,,,Spirit of Artemis,,,,,,,Word of Hera,,,
,,,,,,,,,,,,,,,,,,,,,,,,,,,,,,,,,,,,,,,,,Hephaestus's Chariot,,,,,,Eris's Steed,Demeter's Will,Eris's Steed,,Hermes's Shield,,,Eris's Steed,,,,,Apollo's Haplon,,,,,,,Dionysus's Rage,,,
,,,,,,,,,,,,,,,,,,,,,,,,,,,,,,,,,,,,,,,,,Word of Apollo,,,,,,Cebriones,Voice of Athena,Cebriones,,Apollo's Shield,,,Cebriones,,,,,Demeter's Vigil,,,,,,,Spirit of Hera,,,
,,,,,,,,,,,,,,,,,,,,,,,,,,,,,,,,,,,,,,,,,Aphrodite's Haplon,,,,,,Anteros's Fist,Dionysus's Strike,Anteros's Fist,,Hera's Haplon,,,Anteros's Fist,,,,,Will of Athena,,,,,,,Hand of Hermes,,,
,,,,,,,,,,,,,,,,,,,,,,,,,,,,,,,,,,,,,,,,,Ares's Shield,,,,,,Nike's Steed,Artemis's Vigil,Nike's Steed,,Dionysus's Sarissa,,,Nike's Steed,,,,,Hera's Strike,,,,,,,Ares's Doru,,,
,,,,,,,,,,,,,,,,,,,,,,,,,,,,,,,,,,,,,,,,,Aphrodite's Chariot,,,,,,Idas,Artemis's Steed,Idas,,Dionysus's Shield,,,Idas,,,,,Apollo's Kopis,,,,,,,Hera's Javelin,,,
,,,,,,,,,,,,,,,,,,,,,,,,,,,,,,,,,,,,,,,,,Demeter's Will,,,,,,Alastor,Hand of Aphrodite,Alastor,,Apollo's Spear,,,Alastor,,,,,Apollo's Sword,,,,,,,Hera's Xiphon,,,
,,,,,,,,,,,,,,,,,,,,,,,,,,,,,,,,,,,,,,,,,Hera's Dagger,,,,,,Deimos's Courage,Ares's Xiphon,Deimos's Courage,,Will of Athena,,,Deimos's Courage,,,,,Hephaestus's Haplon,,,,,,,Hand of Ares,,,
,,,,,,,,,,,,,,,,,,,,,,,,,,,,,,,,,,,,,,,,,Will of Hestia,,,,,,Word of Adrestia,Hephaestus's Chariot,Word of Adrestia,,Hestia's Kopis,,,Word of Adrestia,,,,,Dionysus's Vigil,,,,,,,Breath of Hermes,,,
,,,,,,,,,,,,,,,,,,,,,,,,,,,,,,,,,,,,,,,,,Hephaestus's Shield,,,,,,Orpheus,Aphrodite's Javelin,Orpheus,,Demeter's Strike,,,Orpheus,,,,,Ares's Shield,,,,,,,Artemis's Will,,,
,,,,,,,,,,,,,,,,,,,,,,,,,,,,,,,,,,,,,,,,,Will of Aphrodite,,,,,,Palioxis,Dionysus's Chariot,Palioxis,,Breath of Hephaestus,,,Palioxis,,,,,Spirit of Hephaestus,,,,,,,Aphrodite's Haplon,,,
,,,,,,,,,,,,,,,,,,,,,,,,,,,,,,,,,,,,,,,,,Demeter's Fist,,,,,,Vision of Eris,Will of Athena,Vision of Eris,,Artemis's Rage,,,Vision of Eris,,,,,Aphrodite's Chariot,,,,,,,Apollo's Chariot,,,
,,,,,,,,,,,,,,,,,,,,,,,,,,,,,,,,,,,,,,,,,Hermes's Strike,,,,,,Kydoimos's Doru,Breath of Ares,Kydoimos's Doru,,Dionysus's Will,,,Kydoimos's Doru,,,,,Artemis's Doru,,,,,,,Hephaestus's Haplon,,,
,,,,,,,,,,,,,,,,,,,,,,,,,,,,,,,,,,,,,,,,,Athena's Dagger,,,,,,Enyo's Strike,Aphrodite's Steed,Enyo's Strike,,Ares's Command,,,Enyo's Strike,,,,,Hermes's Sword,,,,,,,Dionysus's Vigil,,,
,,,,,,,,,,,,,,,,,,,,,,,,,,,,,,,,,,,,,,,,,Artemis's Shield,,,,,,Breath of Nike,Demeter's Arrow,Breath of Nike,,Ares's Rage,,,Breath of Nike,,,,,Apollo's Dagger,,,,,,,Demeter's Rage,,,
,,,,,,,,,,,,,,,,,,,,,,,,,,,,,,,,,,,,,,,,,Hand of Hestia,,,,,,Phobos's Rage,Hephaestus's Shield,Phobos's Rage,,Hermes's Vigil,,,Phobos's Rage,,,,,Hera's Chariot,,,,,,,Hermes's Haplon,,,
,,,,,,,,,,,,,,,,,,,,,,,,,,,,,,,,,,,,,,,,,Aphrodite's Vigil,,,,,,Spirit of Phobos,Hephaestus's Haplon,Spirit of Phobos,,Vision of Hera,,,Spirit of Phobos,,,,,Hestia's Shield,,,,,,,Breath of Hestia,,,
,,,,,,,,,,,,,,,,,,,,,,,,,,,,,,,,,,,,,,,,,Ares's Xiphon,,,,,,Eris's Dagger,Hestia's Sarissa,Eris's Dagger,,Artemis's Vigil,,,Eris's Dagger,,,,,Hera's Haplon,,,,,,,Dionysus's Javelin,,,
,,,,,,,,,,,,,,,,,,,,,,,,,,,,,,,,,,,,,,,,,Hestia's Vigil,,,,,,Praxidice,Aphrodite's Xiphon,Praxidice,,Ares's Fist,,,Praxidice,,,,,Will of Hermes,,,,,,,Vision of Hera,,,
,,,,,,,,,,,,,,,,,,,,,,,,,,,,,,,,,,,,,,,,,Hera's Javelin,,,,,,Will of Nike,Demeter's Spear,Will of Nike,,Ares's Arrow,,,Will of Nike,,,,,Apollo's Rage,,,,,,,Spirit of Artemis,,,
,,,,,,,,,,,,,,,,,,,,,,,,,,,,,,,,,,,,,,,,,Dionysus's Xiphon,,,,,,Anteros's Strike,Artemis's Doru,Anteros's Strike,,Hand of Hestia,,,Anteros's Strike,,,,,Demeter's Courage,,,,,,,Hera's Chariot,,,
,,,,,,,,,,,,,,,,,,,,,,,,,,,,,,,,,,,,,,,,,Dionysus's Sarissa,,,,,,Kydoimos,Hera's Arrow,Kydoimos,,Hephaestus's Rage,,,Kydoimos,,,,,Breath of Hephaestus,,,,,,,Artemis's Sarissa,,,
,,,,,,,,,,,,,,,,,,,,,,,,,,,,,,,,,,,,,,,,,Apollo's Will,,,,,,Eris's Sword,Athena's Javelin,Eris's Sword,,Aphrodite's Sword,,,Eris's Sword,,,,,Demeter's Fist,,,,,,,Breath of Ares,,,
,,,,,,,,,,,,,,,,,,,,,,,,,,,,,,,,,,,,,,,,,Aphrodite's Strike,,,,,,Kydoimos's Fist,Breath of Demeter,Kydoimos's Fist,,Vision of Ares,,,Kydoimos's Fist,,,,,Hera's Kopis,,,,,,,Aphrodite's Command,,,
,,,,,,,,,,,,,,,,,,,,,,,,,,,,,,,,,,,,,,,,,Hera's Vigil,,,,,,Theseus,Hephaestus's Spear,Theseus,,Hermes's Fist,,,Theseus,,,,,Aphrodite's Kopis,,,,,,,Dionysus's Sword,,,
,,,,,,,,,,,,,,,,,,,,,,,,,,,,,,,,,,,,,,,,,Hephaestus's Kopis,,,,,,Gorgophone,Hephaestus's Sarissa,Gorgophone,,Spirit of Hephaestus,,,Gorgophone,,,,,Hephaestus's Dagger,,,,,,,Spirit of Aphrodite,,,
,,,,,,,,,,,,,,,,,,,,,,,,,,,,,,,,,,,,,,,,,Voice of Artemis,,,,,,Nike's Dagger,Breath of Hestia,Nike's Dagger,,Dionysus's Kopis,,,Nike's Dagger,,,,,Ares's Haplon,,,,,,,Hand of Artemis,,,
,,,,,,,,,,,,,,,,,,,,,,,,,,,,,,,,,,,,,,,,,Word of Dionysus,,,,,,Deimos,Artemis's Arrow,Deimos,,Hestia's Fist,,,Deimos,,,,,Hephaestus's Chariot,,,,,,,Artemis's Shield,,,
,,,,,,,,,,,,,,,,,,,,,,,,,,,,,,,,,,,,,,,,,Voice of Dionysus,,,,,,Phobos's Will,Hestia's Fist,Phobos's Will,,Word of Artemis,,,Phobos's Will,,,,,Hera's Doru,,,,,,,Dionysus's Will,,,
,,,,,,,,,,,,,,,,,,,,,,,,,,,,,,,,,,,,,,,,,Breath of Hera,,,,,,Hand of Anteros,Apollo's Xiphon,Hand of Anteros,,Breath of Hestia,,,Hand of Anteros,,,,,Vision of Hephaestus,,,,,,,Voice of Demeter,,,
,,,,,,,,,,,,,,,,,,,,,,,,,,,,,,,,,,,,,,,,,Hestia's Command,,,,,,Makhai's Will,Apollo's Will,Makhai's Will,,Artemis's Arrow,,,Makhai's Will,,,,,Voice of Aphrodite,,,,,,,Dionysus's Courage,,,
,,,,,,,,,,,,,,,,,,,,,,,,,,,,,,,,,,,,,,,,,Breath of Hephaestus,,,,,,Meleager,Hermes's Doru,Meleager,,Hera's Shield,,,Meleager,,,,,Spirit of Aphrodite,,,,,,,Hestia's Xiphon,,,
,,,,,,,,,,,,,,,,,,,,,,,,,,,,,,,,,,,,,,,,,Hera's Haplon,,,,,,Ptocheia,Hermes's Haplon,Ptocheia,,Artemis's Doru,,,Ptocheia,,,,,Breath of Demeter,,,,,,,Apollo's Shield,,,
,,,,,,,,,,,,,,,,,,,,,,,,,,,,,,,,,,,,,,,,,Demeter's Spear,,,,,,Enyo's Chariot,Dionysus's Sword,Enyo's Chariot,,Athena's Fist,,,Enyo's Chariot,,,,,Dionysus's Shield,,,,,,,Ares's Sword,,,
,,,,,,,,,,,,,,,,,,,,,,,,,,,,,,,,,,,,,,,,,Aphrodite's Spear,,,,,,Adrestia's Rage,Hera's Fist,Adrestia's Rage,,Dionysus's Sword,,,Adrestia's Rage,,,,,Hermes's Kopis,,,,,,,Hera's Dagger,,,
,,,,,,,,,,,,,,,,,,,,,,,,,,,,,,,,,,,,,,,,,Word of Hestia,,,,,,Adrestia's Xiphon,Hestia's Steed,Adrestia's Xiphon,,Hermes's Will,,,Adrestia's Xiphon,,,,,Dionysus's Doru,,,,,,,Hephaestus's Javelin,,,
,,,,,,,,,,,,,,,,,,,,,,,,,,,,,,,,,,,,,,,,,Athena's Courage,,,,,,Anteros's Shield,Aphrodite's Strike,Anteros's Shield,,Hera's Will,,,Anteros's Shield,,,,,Ares's Spear,,,,,,,Demeter's Vigil,,,
,,,,,,,,,,,,,,,,,,,,,,,,,,,,,,,,,,,,,,,,,Artemis's Dagger,,,,,,Hand of Deimos,Hephaestus's Steed,Hand of Deimos,,Hestia's Vigil,,,Hand of Deimos,,,,,Word of Athena,,,,,,,Dionysus's Xiphon,,,
,,,,,,,,,,,,,,,,,,,,,,,,,,,,,,,,,,,,,,,,,Artemis's Fist,,,,,,Breath of Enyo,Aphrodite's Kopis,Breath of Enyo,,Spirit of Dionysus,,,Breath of Enyo,,,,,Dionysus's Chariot,,,,,,,Voice of Hestia,,,
,,,,,,,,,,,,,,,,,,,,,,,,,,,,,,,,,,,,,,,,,Hestia's Haplon,,,,,,Anteros's Courage,Will of Demeter,Anteros's Courage,,Apollo's Arrow,,,Anteros's Courage,,,,,Aphrodite's Javelin,,,,,,,Breath of Hera,,,
,,,,,,,,,,,,,,,,,,,,,,,,,,,,,,,,,,,,,,,,,Apollo's Chariot,,,,,,Adrestia's Will,Demeter's Courage,Adrestia's Will,,Ares's Strike,,,Adrestia's Will,,,,,Word of Ares,,,,,,,Hermes's Sarissa,,,
,,,,,,,,,,,,,,,,,,,,,,,,,,,,,,,,,,,,,,,,,Spirit of Artemis,,,,,,Promachus,Will of Ares,Promachus,,Hestia's Courage,,,Promachus,,,,,Will of Hestia,,,,,,,Dionysus's Strike,,,
,,,,,,,,,,,,,,,,,,,,,,,,,,,,,,,,,,,,,,,,,Athena's Xiphon,,,,,,Breath of Eris,Athena's Command,Breath of Eris,,Apollo's Vigil,,,Breath of Eris,,,,,Demeter's Rage,,,,,,,Hera's Vigil,,,
,,,,,,,,,,,,,,,,,,,,,,,,,,,,,,,,,,,,,,,,,Apollo's Strike,,,,,,Alke,Hestia's Will,Alke,,Breath of Demeter,,,Alke,,,,,Aphrodite's Dagger,,,,,,,Voice of Hermes,,,
,,,,,,,,,,,,,,,,,,,,,,,,,,,,,,,,,,,,,,,,,Word of Hermes,,,,,,Ker,Voice of Ares,Ker,,Artemis's Chariot,,,Ker,,,,,Artemis's Fist,,,,,,,Ares's Javelin,,,
,,,,,,,,,,,,,,,,,,,,,,,,,,,,,,,,,,,,,,,,,Hand of Artemis,,,,,,Will of Kydoimos,Athena's Strike,Will of Kydoimos,,Voice of Hestia,,,Will of Kydoimos,,,,,Hermes's Fist,,,,,,,Hermes's Doru,,,
,,,,,,,,,,,,,,,,,,,,,,,,,,,,,,,,,,,,,,,,,Demeter's Doru,,,,,,Kydoimos's Spear,Vision of Apollo,Kydoimos's Spear,,Hephaestus's Fist,,,Kydoimos's Spear,,,,,Will of Aphrodite,,,,,,,Vision of Athena,,,
,,,,,,,,,,,,,,,,,,,,,,,,,,,,,,,,,,,,,,,,,Hand of Hera,,,,,,Breath of Anteros,Apollo's Rage,Breath of Anteros,,Breath of Artemis,,,Breath of Anteros,,,,,Demeter's Doru,,,,,,,Hermes's Javelin,,,
,,,,,,,,,,,,,,,,,,,,,,,,,,,,,,,,,,,,,,,,,Hephaestus's Javelin,,,,,,Voice of Enyo,Hera's Chariot,Voice of Enyo,,Breath of Ares,,,Voice of Enyo,,,,,Hermes's Steed,,,,,,,Demeter's Javelin,,,
,,,,,,,,,,,,,,,,,,,,,,,,,,,,,,,,,,,,,,,,,Ares's Strike,,,,,,Deimos,Voice of Demeter,Deimos,,Hestia's Haplon,,,Deimos,,,,,Will of Hera,,,,,,,Aphrodite's Fist,,,
,,,,,,,,,,,,,,,,,,,,,,,,,,,,,,,,,,,,,,,,,Demeter's Javelin,,,,,,Phobos's Doru,Demeter's Strike,Phobos's Doru,,Breath of Aphrodite,,,Phobos's Doru,,,,,Dionysus's Arrow,,,,,,,Breath of Demeter,,,
,,,,,,,,,,,,,,,,,,,,,,,,,,,,,,,,,,,,,,,,,Artemis's Sarissa,,,,,,Enyo's Spear,Athena's Haplon,Enyo's Spear,,Demeter's Dagger,,,Enyo's Spear,,,,,Hestia's Haplon,,,,,,,Apollo's Vigil,,,
,,,,,,,,,,,,,,,,,,,,,,,,,,,,,,,,,,,,,,,,,Dionysus's Haplon,,,,,,Adrestia's Doru,Spirit of Apollo,Adrestia's Doru,,Hand of Hephaestus,,,Adrestia's Doru,,,,,Demeter's Command,,,,,,,Word of Hephaestus,,,
,,,,,,,,,,,,,,,,,,,,,,,,,,,,,,,,,,,,,,,,,Demeter's Haplon,,,,,,Nike's Strike,Athena's Fist,Nike's Strike,,Hera's Doru,,,Nike's Strike,,,,,Demeter's Shield,,,,,,,Word of Demeter,,,
,,,,,,,,,,,,,,,,,,,,,,,,,,,,,,,,,,,,,,,,,Hand of Dionysus,,,,,,Gereniaus,Hand of Demeter,Gereniaus,,Hera's Javelin,,,Gereniaus,,,,,Hermes's Spear,,,,,,,Dionysus's Dagger,,,
,,,,,,,,,,,,,,,,,,,,,,,,,,,,,,,,,,,,,,,,,Apollo's Command,,,,,,Phobos's Arrow,Word of Athena,Phobos's Arrow,,Dionysus's Spear,,,Phobos's Arrow,,,,,Hera's Vigil,,,,,,,Demeter's Doru,,,
,,,,,,,,,,,,,,,,,,,,,,,,,,,,,,,,,,,,,,,,,Hestia's Spear,,,,,,Adrestia's Dagger,Hermes's Courage,Adrestia's Dagger,,Aphrodite's Shield,,,Adrestia's Dagger,,,,,Apollo's Chariot,,,,,,,Hestia's Spear,,,
,,,,,,,,,,,,,,,,,,,,,,,,,,,,,,,,,,,,,,,,,Hermes's Sword,,,,,,Taraxippus,Apollo's Sarissa,Taraxippus,,Voice of Ares,,,Taraxippus,,,,,Dionysus's Spear,,,,,,,Apollo's Spear,,,
,,,,,,,,,,,,,,,,,,,,,,,,,,,,,,,,,,,,,,,,,Hephaestus's Strike,,,,,,Eioneus,Aphrodite's Rage,Eioneus,,Apollo's Steed,,,Eioneus,,,,,Spirit of Hestia,,,,,,,Hestia's Sarissa,,,
,,,,,,,,,,,,,,,,,,,,,,,,,,,,,,,,,,,,,,,,,Hermes's Courage,,,,,,Alala's Rage,Aphrodite's Shield,Alala's Rage,,Demeter's Haplon,,,Alala's Rage,,,,,Artemis's Courage,,,,,,,Demeter's Arrow,,,
,,,,,,,,,,,,,,,,,,,,,,,,,,,,,,,,,,,,,,,,,Word of Ares,,,,,,Phobos's Javelin,Hestia's Chariot,Phobos's Javelin,,Ares's Spear,,,Phobos's Javelin,,,,,Voice of Dionysus,,,,,,,Word of Aphrodite,,,
,,,,,,,,,,,,,,,,,,,,,,,,,,,,,,,,,,,,,,,,,Ares's Rage,,,,,,Anteros's Spear,Demeter's Command,Anteros's Spear,,Hera's Strike,,,Anteros's Spear,,,,,Hera's Fist,,,,,,,Demeter's Sword,,,
,,,,,,,,,,,,,,,,,,,,,,,,,,,,,,,,,,,,,,,,,Ares's Fist,,,,,,Anteros's Steed,Hermes's Kopis,Anteros's Steed,,Ares's Javelin,,,Anteros's Steed,,,,,Ares's Chariot,,,,,,,Ares's Shield,,,
,,,,,,,,,,,,,,,,,,,,,,,,,,,,,,,,,,,,,,,,,Dionysus's Dagger,,,,,,Phobos's Fist,Dionysus's Spear,Phobos's Fist,,Voice of Apollo,,,Phobos's Fist,,,,,Word of Apollo,,,,,,,Will of Hephaestus,,,
,,,,,,,,,,,,,,,,,,,,,,,,,,,,,,,,,,,,,,,,,Athena's Sarissa,,,,,,Oenomaus,Aphrodite's Will,Oenomaus,,Ares's Haplon,,,Oenomaus,,,,,Demeter's Spear,,,,,,,Artemis's Arrow,,,
,,,,,,,,,,,,,,,,,,,,,,,,,,,,,,,,,,,,,,,,,Apollo's Sword,,,,,,Tryphon,Breath of Apollo,Tryphon,,Hestia's Spear,,,Tryphon,,,,,Will of Hephaestus,,,,,,,Hermes's Will,,,
,,,,,,,,,,,,,,,,,,,,,,,,,,,,,,,,,,,,,,,,,Dionysus's Steed,,,,,,Deimos's Arrow,Artemis's Strike,Deimos's Arrow,,Ares's Xiphon,,,Deimos's Arrow,,,,,Hephaestus's Kopis,,,,,,,Hand of Apollo,,,
,,,,,,,,,,,,,,,,,,,,,,,,,,,,,,,,,,,,,,,,,Dionysus's Javelin,,,,,,Makhai's Steed,Ares's Strike,Makhai's Steed,,Hermes's Spear,,,Makhai's Steed,,,,,Hestia's Javelin,,,,,,,Aphrodite's Strike,,,
,,,,,,,,,,,,,,,,,,,,,,,,,,,,,,,,,,,,,,,,,Athena's Kopis,,,,,,Hylas,Ares's Arrow,Hylas,,Demeter's Will,,,Hylas,,,,,Aphrodite's Courage,,,,,,,Aphrodite's Chariot,,,
,,,,,,,,,,,,,,,,,,,,,,,,,,,,,,,,,,,,,,,,,Hera's Steed,,,,,,Vision of Anteros,Demeter's Haplon,Vision of Anteros,,Hermes's Xiphon,,,Vision of Anteros,,,,,Athena's Fist,,,,,,,Will of Artemis,,,
,,,,,,,,,,,,,,,,,,,,,,,,,,,,,,,,,,,,,,,,,Hera's Courage,,,,,,Nike's Spear,Dionysus's Doru,Nike's Spear,,Vision of Athena,,,Nike's Spear,,,,,Hephaestus's Courage,,,,,,,Dionysus's Spear,,,
,,,,,,,,,,,,,,,,,,,,,,,,,,,,,,,,,,,,,,,,,Athena's Doru,,,,,,Maniae,Hephaestus's Javelin,Maniae,,Hermes's Javelin,,,Maniae,,,,,Word of Aphrodite,,,,,,,Vision of Ares,,,
,,,,,,,,,,,,,,,,,,,,,,,,,,,,,,,,,,,,,,,,,Breath of Athena,,,,,,Adrestia's Sarissa,Word of Hephaestus,Adrestia's Sarissa,,Athena's Shield,,,Adrestia's Sarissa,,,,,Artemis's Sarissa,,,,,,,Hand of Aphrodite,,,
,,,,,,,,,,,,,,,,,,,,,,,,,,,,,,,,,,,,,,,,,Dionysus's Strike,,,,,,Nike's Shield,Hermes's Shield,Nike's Shield,,Ares's Chariot,,,Nike's Shield,,,,,Word of Hermes,,,,,,,Breath of Athena,,,
,,,,,,,,,,,,,,,,,,,,,,,,,,,,,,,,,,,,,,,,,Breath of Dionysus,,,,,,Spirit of Nike,Hera's Haplon,Spirit of Nike,,Dionysus's Courage,,,Spirit of Nike,,,,,Hestia's Xiphon,,,,,,,Voice of Hephaestus,,,
,,,,,,,,,,,,,,,,,,,,,,,,,,,,,,,,,,,,,,,,,,,,,,,Kydoimos,,Kydoimos,,,,,Kydoimos,,,,,,,,,,,,,,,
,,,,,,,,,,,,,,,,,,,,,,,,,,,,,,,,,,,,,,,,,,,,,,,Enyo,,Enyo,,,,,Enyo,,,,,,,,,,,,,,,
,,,,,,,,,,,,,,,,,,,,,,,,,,,,,,,,,,,,,,,,,,,,,,,Enyo's Sarissa,,Enyo's Sarissa,,,,,Enyo's Sarissa,,,,,,,,,,,,,,,
,,,,,,,,,,,,,,,,,,,,,,,,,,,,,,,,,,,,,,,,,,,,,,,Eris's Xiphon,,Eris's Xiphon,,,,,Eris's Xiphon,,,,,,,,,,,,,,,
,,,,,,,,,,,,,,,,,,,,,,,,,,,,,,,,,,,,,,,,,,,,,,,Phobos's Steed,,Phobos's Steed,,,,,Phobos's Steed,,,,,,,,,,,,,,,
,,,,,,,,,,,,,,,,,,,,,,,,,,,,,,,,,,,,,,,,,,,,,,,Alala's Doru,,Alala's Doru,,,,,Alala's Doru,,,,,,,,,,,,,,,
,,,,,,,,,,,,,,,,,,,,,,,,,,,,,,,,,,,,,,,,,,,,,,,Adrestia's Chariot,,Adrestia's Chariot,,,,,Adrestia's Chariot,,,,,,,,,,,,,,,
,,,,,,,,,,,,,,,,,,,,,,,,,,,,,,,,,,,,,,,,,,,,,,,Peitho,,Peitho,,,,,Peitho,,,,,,,,,,,,,,,
,,,,,,,,,,,,,,,,,,,,,,,,,,,,,,,,,,,,,,,,,,,,,,,Enyo's Shield,,Enyo's Shield,,,,,Enyo's Shield,,,,,,,,,,,,,,,
,,,,,,,,,,,,,,,,,,,,,,,,,,,,,,,,,,,,,,,,,,,,,,,Bellerophon,,Bellerophon,,,,,Bellerophon,,,,,,,,,,,,,,,
,,,,,,,,,,,,,,,,,,,,,,,,,,,,,,,,,,,,,,,,,,,,,,,Eris's Haplon,,Eris's Haplon,,,,,Eris's Haplon,,,,,,,,,,,,,,,
,,,,,,,,,,,,,,,,,,,,,,,,,,,,,,,,,,,,,,,,,,,,,,,Iphiclus,,Iphiclus,,,,,Iphiclus,,,,,,,,,,,,,,,
,,,,,,,,,,,,,,,,,,,,,,,,,,,,,,,,,,,,,,,,,,,,,,,Harmonia's Doru,,Harmonia's Doru,,,,,Harmonia's Doru,,,,,,,,,,,,,,,
,,,,,,,,,,,,,,,,,,,,,,,,,,,,,,,,,,,,,,,,,,,,,,,Harmonia's Chariot,,Harmonia's Chariot,,,,,Harmonia's Chariot,,,,,,,,,,,,,,,
,,,,,,,,,,,,,,,,,,,,,,,,,,,,,,,,,,,,,,,,,,,,,,,Alala's Javelin,,Alala's Javelin,,,,,Alala's Javelin,,,,,,,,,,,,,,,
,,,,,,,,,,,,,,,,,,,,,,,,,,,,,,,,,,,,,,,,,,,,,,,Harmonia's Javelin,,Harmonia's Javelin,,,,,Harmonia's Javelin,,,,,,,,,,,,,,,
,,,,,,,,,,,,,,,,,,,,,,,,,,,,,,,,,,,,,,,,,,,,,,,Iolcus,,Iolcus,,,,,Iolcus,,,,,,,,,,,,,,,
,,,,,,,,,,,,,,,,,,,,,,,,,,,,,,,,,,,,,,,,,,,,,,,Adrestia's Steed,,Adrestia's Steed,,,,,Adrestia's Steed,,,,,,,,,,,,,,,
,,,,,,,,,,,,,,,,,,,,,,,,,,,,,,,,,,,,,,,,,,,,,,,Proioxis,,Proioxis,,,,,Proioxis,,,,,,,,,,,,,,,
,,,,,,,,,,,,,,,,,,,,,,,,,,,,,,,,,,,,,,,,,,,,,,,Makhai's Fist,,Makhai's Fist,,,,,Makhai's Fist,,,,,,,,,,,,,,,
,,,,,,,,,,,,,,,,,,,,,,,,,,,,,,,,,,,,,,,,,,,,,,,Eurypylus,,Eurypylus,,,,,Eurypylus,,,,,,,,,,,,,,,
,,,,,,,,,,,,,,,,,,,,,,,,,,,,,,,,,,,,,,,,,,,,,,,Ennomus,,Ennomus,,,,,Ennomus,,,,,,,,,,,,,,,
,,,,,,,,,,,,,,,,,,,,,,,,,,,,,,,,,,,,,,,,,,,,,,,Hand of Enyo,,Hand of Enyo,,,,,Hand of Enyo,,,,,,,,,,,,,,,
,,,,,,,,,,,,,,,,,,,,,,,,,,,,,,,,,,,,,,,,,,,,,,,Enyo's Vigil,,Enyo's Vigil,,,,,Enyo's Vigil,,,,,,,,,,,,,,,
,,,,,,,,,,,,,,,,,,,,,,,,,,,,,,,,,,,,,,,,,,,,,,,Kydoimos's Courage,,Kydoimos's Courage,,,,,Kydoimos's Courage,,,,,,,,,,,,,,,
,,,,,,,,,,,,,,,,,,,,,,,,,,,,,,,,,,,,,,,,,,,,,,,Word of Makhai,,Word of Makhai,,,,,Word of Makhai,,,,,,,,,,,,,,,
,,,,,,,,,,,,,,,,,,,,,,,,,,,,,,,,,,,,,,,,,,,,,,,Voice of Nike,,Voice of Nike,,,,,Voice of Nike,,,,,,,,,,,,,,,
,,,,,,,,,,,,,,,,,,,,,,,,,,,,,,,,,,,,,,,,,,,,,,,Deimos's Command,,Deimos's Command,,,,,Deimos's Command,,,,,,,,,,,,,,,
,,,,,,,,,,,,,,,,,,,,,,,,,,,,,,,,,,,,,,,,,,,,,,,Epeius,,Epeius,,,,,Epeius,,,,,,,,,,,,,,,
,,,,,,,,,,,,,,,,,,,,,,,,,,,,,,,,,,,,,,,,,,,,,,,Asclepius,,Asclepius,,,,,Asclepius,,,,,,,,,,,,,,,
,,,,,,,,,,,,,,,,,,,,,,,,,,,,,,,,,,,,,,,,,,,,,,,Nike's Will,,Nike's Will,,,,,Nike's Will,,,,,,,,,,,,,,,
,,,,,,,,,,,,,,,,,,,,,,,,,,,,,,,,,,,,,,,,,,,,,,,Xuthus,,Xuthus,,,,,Xuthus,,,,,,,,,,,,,,,
,,,,,,,,,,,,,,,,,,,,,,,,,,,,,,,,,,,,,,,,,,,,,,,Deimos's Shield,,Deimos's Shield,,,,,Deimos's Shield,,,,,,,,,,,,,,,
,,,,,,,,,,,,,,,,,,,,,,,,,,,,,,,,,,,,,,,,,,,,,,,Kydoimos's Kopis,,Kydoimos's Kopis,,,,,Kydoimos's Kopis,,,,,,,,,,,,,,,
,,,,,,,,,,,,,,,,,,,,,,,,,,,,,,,,,,,,,,,,,,,,,,,Will of Deimos,,Will of Deimos,,,,,Will of Deimos,,,,,,,,,,,,,,,
,,,,,,,,,,,,,,,,,,,,,,,,,,,,,,,,,,,,,,,,,,,,,,,Castor,,Castor,,,,,Castor,,,,,,,,,,,,,,,
,,,,,,,,,,,,,,,,,,,,,,,,,,,,,,,,,,,,,,,,,,,,,,,Eris's Arrow,,Eris's Arrow,,,,,Eris's Arrow,,,,,,,,,,,,,,,
,,,,,,,,,,,,,,,,,,,,,,,,,,,,,,,,,,,,,,,,,,,,,,,Momus,,Momus,,,,,Momus,,,,,,,,,,,,,,,
,,,,,,,,,,,,,,,,,,,,,,,,,,,,,,,,,,,,,,,,,,,,,,,Phobos's Courage,,Phobos's Courage,,,,,Phobos's Courage,,,,,,,,,,,,,,,
,,,,,,,,,,,,,,,,,,,,,,,,,,,,,,,,,,,,,,,,,,,,,,,Spirit of Eris,,Spirit of Eris,,,,,Spirit of Eris,,,,,,,,,,,,,,,
,,,,,,,,,,,,,,,,,,,,,,,,,,,,,,,,,,,,,,,,,,,,,,,Eris,,Eris,,,,,Eris,,,,,,,,,,,,,,,
,,,,,,,,,,,,,,,,,,,,,,,,,,,,,,,,,,,,,,,,,,,,,,,Nike's Courage,,Nike's Courage,,,,,Nike's Courage,,,,,,,,,,,,,,,
,,,,,,,,,,,,,,,,,,,,,,,,,,,,,,,,,,,,,,,,,,,,,,,Chloris,,Chloris,,,,,Chloris,,,,,,,,,,,,,,,
,,,,,,,,,,,,,,,,,,,,,,,,,,,,,,,,,,,,,,,,,,,,,,,Phobos,,Phobos,,,,,Phobos,,,,,,,,,,,,,,,
,,,,,,,,,,,,,,,,,,,,,,,,,,,,,,,,,,,,,,,,,,,,,,,Will of Eris,,Will of Eris,,,,,Will of Eris,,,,,,,,,,,,,,,
,,,,,,,,,,,,,,,,,,,,,,,,,,,,,,,,,,,,,,,,,,,,,,,Kydoimos's Haplon,,Kydoimos's Haplon,,,,,Kydoimos's Haplon,,,,,,,,,,,,,,,
,,,,,,,,,,,,,,,,,,,,,,,,,,,,,,,,,,,,,,,,,,,,,,,Amphitryon,,Amphitryon,,,,,Amphitryon,,,,,,,,,,,,,,,
,,,,,,,,,,,,,,,,,,,,,,,,,,,,,,,,,,,,,,,,,,,,,,,Harmonia's Kopis,,Harmonia's Kopis,,,,,Harmonia's Kopis,,,,,,,,,,,,,,,
,,,,,,,,,,,,,,,,,,,,,,,,,,,,,,,,,,,,,,,,,,,,,,,Deimos's Fist,,Deimos's Fist,,,,,Deimos's Fist,,,,,,,,,,,,,,,
,,,,,,,,,,,,,,,,,,,,,,,,,,,,,,,,,,,,,,,,,,,,,,,Homados,,Homados,,,,,Homados,,,,,,,,,,,,,,,
,,,,,,,,,,,,,,,,,,,,,,,,,,,,,,,,,,,,,,,,,,,,,,,Peitharchia,,Peitharchia,,,,,Peitharchia,,,,,,,,,,,,,,,
,,,,,,,,,,,,,,,,,,,,,,,,,,,,,,,,,,,,,,,,,,,,,,,Deimos's Strike,,Deimos's Strike,,,,,Deimos's Strike,,,,,,,,,,,,,,,
,,,,,,,,,,,,,,,,,,,,,,,,,,,,,,,,,,,,,,,,,,,,,,,Phobos's Spear,,Phobos's Spear,,,,,Phobos's Spear,,,,,,,,,,,,,,,
,,,,,,,,,,,,,,,,,,,,,,,,,,,,,,,,,,,,,,,,,,,,,,,Amphiaraus,,Amphiaraus,,,,,Amphiaraus,,,,,,,,,,,,,,,
,,,,,,,,,,,,,,,,,,,,,,,,,,,,,,,,,,,,,,,,,,,,,,,Mopsus,,Mopsus,,,,,Mopsus,,,,,,,,,,,,,,,
,,,,,,,,,,,,,,,,,,,,,,,,,,,,,,,,,,,,,,,,,,,,,,,Adrestia's Sword,,Adrestia's Sword,,,,,Adrestia's Sword,,,,,,,,,,,,,,,
,,,,,,,,,,,,,,,,,,,,,,,,,,,,,,,,,,,,,,,,,,,,,,,Deimos's Kopis,,Deimos's Kopis,,,,,Deimos's Kopis,,,,,,,,,,,,,,,
,,,,,,,,,,,,,,,,,,,,,,,,,,,,,,,,,,,,,,,,,,,,,,,Breath of Phobos,,Breath of Phobos,,,,,Breath of Phobos,,,,,,,,,,,,,,,
,,,,,,,,,,,,,,,,,,,,,,,,,,,,,,,,,,,,,,,,,,,,,,,Eryx,,Eryx,,,,,Eryx,,,,,,,,,,,,,,,
,,,,,,,,,,,,,,,,,,,,,,,,,,,,,,,,,,,,,,,,,,,,,,,Eris's Command,,Eris's Command,,,,,Eris's Command,,,,,,,,,,,,,,,
,,,,,,,,,,,,,,,,,,,,,,,,,,,,,,,,,,,,,,,,,,,,,,,Hand of Eris,,Hand of Eris,,,,,Hand of Eris,,,,,,,,,,,,,,,
,,,,,,,,,,,,,,,,,,,,,,,,,,,,,,,,,,,,,,,,,,,,,,,Ancaeus,,Ancaeus,,,,,Ancaeus,,,,,,,,,,,,,,,
,,,,,,,,,,,,,,,,,,,,,,,,,,,,,,,,,,,,,,,,,,,,,,,Oizys,,Oizys,,,,,Oizys,,,,,,,,,,,,,,,
,,,,,,,,,,,,,,,,,,,,,,,,,,,,,,,,,,,,,,,,,,,,,,,Nestor,,Nestor,,,,,Nestor,,,,,,,,,,,,,,,
,,,,,,,,,,,,,,,,,,,,,,,,,,,,,,,,,,,,,,,,,,,,,,,Kydoimos's Xiphon,,Kydoimos's Xiphon,,,,,Kydoimos's Xiphon,,,,,,,,,,,,,,,
,,,,,,,,,,,,,,,,,,,,,,,,,,,,,,,,,,,,,,,,,,,,,,,Polemos,,Polemos,,,,,Polemos,,,,,,,,,,,,,,,
,,,,,,,,,,,,,,,,,,,,,,,,,,,,,,,,,,,,,,,,,,,,,,,Lampades,,Lampades,,,,,Lampades,,,,,,,,,,,,,,,
,,,,,,,,,,,,,,,,,,,,,,,,,,,,,,,,,,,,,,,,,,,,,,,Enyo's Will,,Enyo's Will,,,,,Enyo's Will,,,,,,,,,,,,,,,
,,,,,,,,,,,,,,,,,,,,,,,,,,,,,,,,,,,,,,,,,,,,,,,Spirit of Kydoimos,,Spirit of Kydoimos,,,,,Spirit of Kydoimos,,,,,,,,,,,,,,,
,,,,,,,,,,,,,,,,,,,,,,,,,,,,,,,,,,,,,,,,,,,,,,,Polynices,,Polynices,,,,,Polynices,,,,,,,,,,,,,,,
,,,,,,,,,,,,,,,,,,,,,,,,,,,,,,,,,,,,,,,,,,,,,,,Breath of Makhai,,Breath of Makhai,,,,,Breath of Makhai,,,,,,,,,,,,,,,
,,,,,,,,,,,,,,,,,,,,,,,,,,,,,,,,,,,,,,,,,,,,,,,Nike's Haplon,,Nike's Haplon,,,,,Nike's Haplon,,,,,,,,,,,,,,,
,,,,,,,,,,,,,,,,,,,,,,,,,,,,,,,,,,,,,,,,,,,,,,,Styx,,Styx,,,,,Styx,,,,,,,,,,,,,,,
,,,,,,,,,,,,,,,,,,,,,,,,,,,,,,,,,,,,,,,,,,,,,,,Enyo's Xiphon,,Enyo's Xiphon,,,,,Enyo's Xiphon,,,,,,,,,,,,,,,
,,,,,,,,,,,,,,,,,,,,,,,,,,,,,,,,,,,,,,,,,,,,,,,Anteros's Doru,,Anteros's Doru,,,,,Anteros's Doru,,,,,,,,,,,,,,,
,,,,,,,,,,,,,,,,,,,,,,,,,,,,,,,,,,,,,,,,,,,,,,,Antilochus,,Antilochus,,,,,Antilochus,,,,,,,,,,,,,,,
,,,,,,,,,,,,,,,,,,,,,,,,,,,,,,,,,,,,,,,,,,,,,,,Kydoimos's Shield,,Kydoimos's Shield,,,,,Kydoimos's Shield,,,,,,,,,,,,,,,
,,,,,,,,,,,,,,,,,,,,,,,,,,,,,,,,,,,,,,,,,,,,,,,Eris's Vigil,,Eris's Vigil,,,,,Eris's Vigil,,,,,,,,,,,,,,,
,,,,,,,,,,,,,,,,,,,,,,,,,,,,,,,,,,,,,,,,,,,,,,,Vision of Harmonia,,Vision of Harmonia,,,,,Vision of Harmonia,,,,,,,,,,,,,,,
,,,,,,,,,,,,,,,,,,,,,,,,,,,,,,,,,,,,,,,,,,,,,,,Zethus,,Zethus,,,,,Zethus,,,,,,,,,,,,,,,
,,,,,,,,,,,,,,,,,,,,,,,,,,,,,,,,,,,,,,,,,,,,,,,Heimdall,,Heimdall,,,,,Heimdall,,,,,,,,,,,,,,,
,,,,,,,,,,,,,,,,,,,,,,,,,,,,,,,,,,,,,,,,,,,,,,,Hybris,,Hybris,,,,,Hybris,,,,,,,,,,,,,,,
,,,,,,,,,,,,,,,,,,,,,,,,,,,,,,,,,,,,,,,,,,,,,,,Kydoimos's Steed,,Kydoimos's Steed,,,,,Kydoimos's Steed,,,,,,,,,,,,,,,
,,,,,,,,,,,,,,,,,,,,,,,,,,,,,,,,,,,,,,,,,,,,,,,Alala's Xiphon,,Alala's Xiphon,,,,,Alala's Xiphon,,,,,,,,,,,,,,,
,,,,,,,,,,,,,,,,,,,,,,,,,,,,,,,,,,,,,,,,,,,,,,,Pheme,,Pheme,,,,,Pheme,,,,,,,,,,,,,,,
,,,,,,,,,,,,,,,,,,,,,,,,,,,,,,,,,,,,,,,,,,,,,,,Palamedes,,Palamedes,,,,,Palamedes,,,,,,,,,,,,,,,
,,,,,,,,,,,,,,,,,,,,,,,,,,,,,,,,,,,,,,,,,,,,,,,Litae,,Litae,,,,,Litae,,,,,,,,,,,,,,,
,,,,,,,,,,,,,,,,,,,,,,,,,,,,,,,,,,,,,,,,,,,,,,,Dike,,Dike,,,,,Dike,,,,,,,,,,,,,,,
,,,,,,,,,,,,,,,,,,,,,,,,,,,,,,,,,,,,,,,,,,,,,,,Voice of Phobos,,Voice of Phobos,,,,,Voice of Phobos,,,,,,,,,,,,,,,
,,,,,,,,,,,,,,,,,,,,,,,,,,,,,,,,,,,,,,,,,,,,,,,Voice of Makhai,,Voice of Makhai,,,,,Voice of Makhai,,,,,,,,,,,,,,,
,,,,,,,,,,,,,,,,,,,,,,,,,,,,,,,,,,,,,,,,,,,,,,,Alala's Dagger,,Alala's Dagger,,,,,Alala's Dagger,,,,,,,,,,,,,,,
,,,,,,,,,,,,,,,,,,,,,,,,,,,,,,,,,,,,,,,,,,,,,,,Word of Enyo,,Word of Enyo,,,,,Word of Enyo,,,,,,,,,,,,,,,
,,,,,,,,,,,,,,,,,,,,,,,,,,,,,,,,,,,,,,,,,,,,,,,Eris's Will,,Eris's Will,,,,,Eris's Will,,,,,,,,,,,,,,,
,,,,,,,,,,,,,,,,,,,,,,,,,,,,,,,,,,,,,,,,,,,,,,,Deimos's Javelin,,Deimos's Javelin,,,,,Deimos's Javelin,,,,,,,,,,,,,,,
,,,,,,,,,,,,,,,,,,,,,,,,,,,,,,,,,,,,,,,,,,,,,,,Anteros's Kopis,,Anteros's Kopis,,,,,Anteros's Kopis,,,,,,,,,,,,,,,
,,,,,,,,,,,,,,,,,,,,,,,,,,,,,,,,,,,,,,,,,,,,,,,Vision of Kydoimos,,Vision of Kydoimos,,,,,Vision of Kydoimos,,,,,,,,,,,,,,,
,,,,,,,,,,,,,,,,,,,,,,,,,,,,,,,,,,,,,,,,,,,,,,,Phobos's Kopis,,Phobos's Kopis,,,,,Phobos's Kopis,,,,,,,,,,,,,,,
,,,,,,,,,,,,,,,,,,,,,,,,,,,,,,,,,,,,,,,,,,,,,,,Ioke,,Ioke,,,,,Ioke,,,,,,,,,,,,,,,
,,,,,,,,,,,,,,,,,,,,,,,,,,,,,,,,,,,,,,,,,,,,,,,Hand of Kydoimos,,Hand of Kydoimos,,,,,Hand of Kydoimos,,,,,,,,,,,,,,,
,,,,,,,,,,,,,,,,,,,,,,,,,,,,,,,,,,,,,,,,,,,,,,,Iapis,,Iapis,,,,,Iapis,,,,,,,,,,,,,,,
,,,,,,,,,,,,,,,,,,,,,,,,,,,,,,,,,,,,,,,,,,,,,,,Alala's Shield,,Alala's Shield,,,,,Alala's Shield,,,,,,,,,,,,,,,
,,,,,,,,,,,,,,,,,,,,,,,,,,,,,,,,,,,,,,,,,,,,,,,Kydoimos's Javelin,,Kydoimos's Javelin,,,,,Kydoimos's Javelin,,,,,,,,,,,,,,,
,,,,,,,,,,,,,,,,,,,,,,,,,,,,,,,,,,,,,,,,,,,,,,,Atalanta,,Atalanta,,,,,Atalanta,,,,,,,,,,,,,,,
,,,,,,,,,,,,,,,,,,,,,,,,,,,,,,,,,,,,,,,,,,,,,,,Word of Kydoimos,,Word of Kydoimos,,,,,Word of Kydoimos,,,,,,,,,,,,,,,
,,,,,,,,,,,,,,,,,,,,,,,,,,,,,,,,,,,,,,,,,,,,,,,Adrestia's Kopis,,Adrestia's Kopis,,,,,Adrestia's Kopis,,,,,,,,,,,,,,,
,,,,,,,,,,,,,,,,,,,,,,,,,,,,,,,,,,,,,,,,,,,,,,,Alala's Will,,Alala's Will,,,,,Alala's Will,,,,,,,,,,,,,,,
,,,,,,,,,,,,,,,,,,,,,,,,,,,,,,,,,,,,,,,,,,,,,,,Clytius,,Clytius,,,,,Clytius,,,,,,,,,,,,,,,
,,,,,,,,,,,,,,,,,,,,,,,,,,,,,,,,,,,,,,,,,,,,,,,Makhai's Courage,,Makhai's Courage,,,,,Makhai's Courage,,,,,,,,,,,,,,,
,,,,,,,,,,,,,,,,,,,,,,,,,,,,,,,,,,,,,,,,,,,,,,,Alala's Courage,,Alala's Courage,,,,,Alala's Courage,,,,,,,,,,,,,,,
,,,,,,,,,,,,,,,,,,,,,,,,,,,,,,,,,,,,,,,,,,,,,,,Eris,,Eris,,,,,Eris,,,,,,,,,,,,,,,
,,,,,,,,,,,,,,,,,,,,,,,,,,,,,,,,,,,,,,,,,,,,,,,Evander,,Evander,,,,,Evander,,,,,,,,,,,,,,,
,,,,,,,,,,,,,,,,,,,,,,,,,,,,,,,,,,,,,,,,,,,,,,,Agamemnon,,Agamemnon,,,,,Agamemnon,,,,,,,,,,,,,,,
,,,,,,,,,,,,,,,,,,,,,,,,,,,,,,,,,,,,,,,,,,,,,,,Adrestia's Courage,,Adrestia's Courage,,,,,Adrestia's Courage,,,,,,,,,,,,,,,
,,,,,,,,,,,,,,,,,,,,,,,,,,,,,,,,,,,,,,,,,,,,,,,Phobos's Vigil,,Phobos's Vigil,,,,,Phobos's Vigil,,,,,,,,,,,,,,,
,,,,,,,,,,,,,,,,,,,,,,,,,,,,,,,,,,,,,,,,,,,,,,,Aristaeus,,Aristaeus,,,,,Aristaeus,,,,,,,,,,,,,,,
,,,,,,,,,,,,,,,,,,,,,,,,,,,,,,,,,,,,,,,,,,,,,,,Horme,,Horme,,,,,Horme,,,,,,,,,,,,,,,
,,,,,,,,,,,,,,,,,,,,,,,,,,,,,,,,,,,,,,,,,,,,,,,Cybele,,Cybele,,,,,Cybele,,,,,,,,,,,,,,,
,,,,,,,,,,,,,,,,,,,,,,,,,,,,,,,,,,,,,,,,,,,,,,,Vision of Adrestia,,Vision of Adrestia,,,,,Vision of Adrestia,,,,,,,,,,,,,,,
,,,,,,,,,,,,,,,,,,,,,,,,,,,,,,,,,,,,,,,,,,,,,,,Soteria,,Soteria,,,,,Soteria,,,,,,,,,,,,,,,
,,,,,,,,,,,,,,,,,,,,,,,,,,,,,,,,,,,,,,,,,,,,,,,Chrysippus,,Chrysippus,,,,,Chrysippus,,,,,,,,,,,,,,,
,,,,,,,,,,,,,,,,,,,,,,,,,,,,,,,,,,,,,,,,,,,,,,,Menelaus,,Menelaus,,,,,Menelaus,,,,,,,,,,,,,,,
,,,,,,,,,,,,,,,,,,,,,,,,,,,,,,,,,,,,,,,,,,,,,,,Anteros's Sword,,Anteros's Sword,,,,,Anteros's Sword,,,,,,,,,,,,,,,
,,,,,,,,,,,,,,,,,,,,,,,,,,,,,,,,,,,,,,,,,,,,,,,Adrastus,,Adrastus,,,,,Adrastus,,,,,,,,,,,,,,,
,,,,,,,,,,,,,,,,,,,,,,,,,,,,,,,,,,,,,,,,,,,,,,,Breath of Kydoimos,,Breath of Kydoimos,,,,,Breath of Kydoimos,,,,,,,,,,,,,,,
,,,,,,,,,,,,,,,,,,,,,,,,,,,,,,,,,,,,,,,,,,,,,,,Autolycus,,Autolycus,,,,,Autolycus,,,,,,,,,,,,,,,
,,,,,,,,,,,,,,,,,,,,,,,,,,,,,,,,,,,,,,,,,,,,,,,Palioxis,,Palioxis,,,,,Palioxis,,,,,,,,,,,,,,,
,,,,,,,,,,,,,,,,,,,,,,,,,,,,,,,,,,,,,,,,,,,,,,,Deimos's Sarissa,,Deimos's Sarissa,,,,,Deimos's Sarissa,,,,,,,,,,,,,,,
,,,,,,,,,,,,,,,,,,,,,,,,,,,,,,,,,,,,,,,,,,,,,,,Kydoimos's Sword,,Kydoimos's Sword,,,,,Kydoimos's Sword,,,,,,,,,,,,,,,
,,,,,,,,,,,,,,,,,,,,,,,,,,,,,,,,,,,,,,,,,,,,,,,Makhai's Vigil,,Makhai's Vigil,,,,,Makhai's Vigil,,,,,,,,,,,,,,,
,,,,,,,,,,,,,,,,,,,,,,,,,,,,,,,,,,,,,,,,,,,,,,,Will of Makhai,,Will of Makhai,,,,,Will of Makhai,,,,,,,,,,,,,,,
,,,,,,,,,,,,,,,,,,,,,,,,,,,,,,,,,,,,,,,,,,,,,,,Euryalus,,Euryalus,,,,,Euryalus,,,,,,,,,,,,,,,
,,,,,,,,,,,,,,,,,,,,,,,,,,,,,,,,,,,,,,,,,,,,,,,Deimos's Will,,Deimos's Will,,,,,Deimos's Will,,,,,,,,,,,,,,,
,,,,,,,,,,,,,,,,,,,,,,,,,,,,,,,,,,,,,,,,,,,,,,,Eris's Spear,,Eris's Spear,,,,,Eris's Spear,,,,,,,,,,,,,,,
,,,,,,,,,,,,,,,,,,,,,,,,,,,,,,,,,,,,,,,,,,,,,,,Alala's Arrow,,Alala's Arrow,,,,,Alala's Arrow,,,,,,,,,,,,,,,
,,,,,,,,,,,,,,,,,,,,,,,,,,,,,,,,,,,,,,,,,,,,,,,Moros,,Moros,,,,,Moros,,,,,,,,,,,,,,,
,,,,,,,,,,,,,,,,,,,,,,,,,,,,,,,,,,,,,,,,,,,,,,,Phoenix,,Phoenix,,,,,Phoenix,,,,,,,,,,,,,,,
,,,,,,,,,,,,,,,,,,,,,,,,,,,,,,,,,,,,,,,,,,,,,,,Zelos,,Zelos,,,,,Zelos,,,,,,,,,,,,,,,
,,,,,,,,,,,,,,,,,,,,,,,,,,,,,,,,,,,,,,,,,,,,,,,Spirit of Deimos,,Spirit of Deimos,,,,,Spirit of Deimos,,,,,,,,,,,,,,,
,,,,,,,,,,,,,,,,,,,,,,,,,,,,,,,,,,,,,,,,,,,,,,,Harmonia's Strike,,Harmonia's Strike,,,,,Harmonia's Strike,,,,,,,,,,,,,,,
,,,,,,,,,,,,,,,,,,,,,,,,,,,,,,,,,,,,,,,,,,,,,,,Anteros's Will,,Anteros's Will,,,,,Anteros's Will,,,,,,,,,,,,,,,
,,,,,,,,,,,,,,,,,,,,,,,,,,,,,,,,,,,,,,,,,,,,,,,Enyo's Arrow,,Enyo's Arrow,,,,,Enyo's Arrow,,,,,,,,,,,,,,,
,,,,,,,,,,,,,,,,,,,,,,,,,,,,,,,,,,,,,,,,,,,,,,,Alala,,Alala,,,,,Alala,,,,,,,,,,,,,,,
,,,,,,,,,,,,,,,,,,,,,,,,,,,,,,,,,,,,,,,,,,,,,,,Enyo's Kopis,,Enyo's Kopis,,,,,Enyo's Kopis,,,,,,,,,,,,,,,
,,,,,,,,,,,,,,,,,,,,,,,,,,,,,,,,,,,,,,,,,,,,,,,Glaucus,,Glaucus,,,,,Glaucus,,,,,,,,,,,,,,,
,,,,,,,,,,,,,,,,,,,,,,,,,,,,,,,,,,,,,,,,,,,,,,,Hecate,,Hecate,,,,,Hecate,,,,,,,,,,,,,,,
,,,,,,,,,,,,,,,,,,,,,,,,,,,,,,,,,,,,,,,,,,,,,,,Harmonia's Haplon,,Harmonia's Haplon,,,,,Harmonia's Haplon,,,,,,,,,,,,,,,
,,,,,,,,,,,,,,,,,,,,,,,,,,,,,,,,,,,,,,,,,,,,,,,Pallas,,Pallas,,,,,Pallas,,,,,,,,,,,,,,,
,,,,,,,,,,,,,,,,,,,,,,,,,,,,,,,,,,,,,,,,,,,,,,,Calliope,,Calliope,,,,,Calliope,,,,,,,,,,,,,,,
,,,,,,,,,,,,,,,,,,,,,,,,,,,,,,,,,,,,,,,,,,,,,,,Bias,,Bias,,,,,Bias,,,,,,,,,,,,,,,
,,,,,,,,,,,,,,,,,,,,,,,,,,,,,,,,,,,,,,,,,,,,,,,Alala's Kopis,,Alala's Kopis,,,,,Alala's Kopis,,,,,,,,,,,,,,,
,,,,,,,,,,,,,,,,,,,,,,,,,,,,,,,,,,,,,,,,,,,,,,,Voice of Deimos,,Voice of Deimos,,,,,Voice of Deimos,,,,,,,,,,,,,,,
,,,,,,,,,,,,,,,,,,,,,,,,,,,,,,,,,,,,,,,,,,,,,,,Palioxis,,Palioxis,,,,,Palioxis,,,,,,,,,,,,,,,
,,,,,,,,,,,,,,,,,,,,,,,,,,,,,,,,,,,,,,,,,,,,,,,Telamon,,Telamon,,,,,Telamon,,,,,,,,,,,,,,,
,,,,,,,,,,,,,,,,,,,,,,,,,,,,,,,,,,,,,,,,,,,,,,,Anteros's Rage,,Anteros's Rage,,,,,Anteros's Rage,,,,,,,,,,,,,,,
,,,,,,,,,,,,,,,,,,,,,,,,,,,,,,,,,,,,,,,,,,,,,,,Phobos's Xiphon,,Phobos's Xiphon,,,,,Phobos's Xiphon,,,,,,,,,,,,,,,
,,,,,,,,,,,,,,,,,,,,,,,,,,,,,,,,,,,,,,,,,,,,,,,Alala's Strike,,Alala's Strike,,,,,Alala's Strike,,,,,,,,,,,,,,,
,,,,,,,,,,,,,,,,,,,,,,,,,,,,,,,,,,,,,,,,,,,,,,,Kydoimos's Command,,Kydoimos's Command,,,,,Kydoimos's Command,,,,,,,,,,,,,,,
,,,,,,,,,,,,,,,,,,,,,,,,,,,,,,,,,,,,,,,,,,,,,,,Harmonia's Dagger,,Harmonia's Dagger,,,,,Harmonia's Dagger,,,,,,,,,,,,,,,
,,,,,,,,,,,,,,,,,,,,,,,,,,,,,,,,,,,,,,,,,,,,,,,Will of Enyo,,Will of Enyo,,,,,Will of Enyo,,,,,,,,,,,,,,,
,,,,,,,,,,,,,,,,,,,,,,,,,,,,,,,,,,,,,,,,,,,,,,,Nireus,,Nireus,,,,,Nireus,,,,,,,,,,,,,,,
,,,,,,,,,,,,,,,,,,,,,,,,,,,,,,,,,,,,,,,,,,,,,,,Nike's Sarissa,,Nike's Sarissa,,,,,Nike's Sarissa,,,,,,,,,,,,,,,
,,,,,,,,,,,,,,,,,,,,,,,,,,,,,,,,,,,,,,,,,,,,,,,Bia,,Bia,,,,,Bia,,,,,,,,,,,,,,,
,,,,,,,,,,,,,,,,,,,,,,,,,,,,,,,,,,,,,,,,,,,,,,,Alala's Haplon,,Alala's Haplon,,,,,Alala's Haplon,,,,,,,,,,,,,,,
,,,,,,,,,,,,,,,,,,,,,,,,,,,,,,,,,,,,,,,,,,,,,,,Kydoimos,,Kydoimos,,,,,Kydoimos,,,,,,,,,,,,,,,
,,,,,,,,,,,,,,,,,,,,,,,,,,,,,,,,,,,,,,,,,,,,,,,Glaukos,,Glaukos,,,,,Glaukos,,,,,,,,,,,,,,,
,,,,,,,,,,,,,,,,,,,,,,,,,,,,,,,,,,,,,,,,,,,,,,,Kydoimos's Arrow,,Kydoimos's Arrow,,,,,Kydoimos's Arrow,,,,,,,,,,,,,,,
,,,,,,,,,,,,,,,,,,,,,,,,,,,,,,,,,,,,,,,,,,,,,,,Kydoimos's Chariot,,Kydoimos's Chariot,,,,,Kydoimos's Chariot,,,,,,,,,,,,,,,
,,,,,,,,,,,,,,,,,,,,,,,,,,,,,,,,,,,,,,,,,,,,,,,Anteros,,Anteros,,,,,Anteros,,,,,,,,,,,,,,,
,,,,,,,,,,,,,,,,,,,,,,,,,,,,,,,,,,,,,,,,,,,,,,,Hector,,Hector,,,,,Hector,,,,,,,,,,,,,,,
,,,,,,,,,,,,,,,,,,,,,,,,,,,,,,,,,,,,,,,,,,,,,,,Will of Anteros,,Will of Anteros,,,,,Will of Anteros,,,,,,,,,,,,,,,
,,,,,,,,,,,,,,,,,,,,,,,,,,,,,,,,,,,,,,,,,,,,,,,Voice of Harmonia,,Voice of Harmonia,,,,,Voice of Harmonia,,,,,,,,,,,,,,,
,,,,,,,,,,,,,,,,,,,,,,,,,,,,,,,,,,,,,,,,,,,,,,,Tydeus,,Tydeus,,,,,Tydeus,,,,,,,,,,,,,,,
,,,,,,,,,,,,,,,,,,,,,,,,,,,,,,,,,,,,,,,,,,,,,,,Word of Nike,,Word of Nike,,,,,Word of Nike,,,,,,,,,,,,,,,
,,,,,,,,,,,,,,,,,,,,,,,,,,,,,,,,,,,,,,,,,,,,,,,Harmonia's Sarissa,,Harmonia's Sarissa,,,,,Harmonia's Sarissa,,,,,,,,,,,,,,,
,,,,,,,,,,,,,,,,,,,,,,,,,,,,,,,,,,,,,,,,,,,,,,,Enyo's Fist,,Enyo's Fist,,,,,Enyo's Fist,,,,,,,,,,,,,,,
,,,,,,,,,,,,,,,,,,,,,,,,,,,,,,,,,,,,,,,,,,,,,,,Tlepolemus,,Tlepolemus,,,,,Tlepolemus,,,,,,,,,,,,,,,
,,,,,,,,,,,,,,,,,,,,,,,,,,,,,,,,,,,,,,,,,,,,,,,Enyo's Sword,,Enyo's Sword,,,,,Enyo's Sword,,,,,,,,,,,,,,,