namelist_title,namelist_author,namelist_id,an_assault_army,an_clone_army,an_defense_army,an_gene_warrior_army,an_industrial_army,an_machine_assault_1,an_machine_assault_2,an_machine_assault_3,an_machine_defense,an_occupation_army,an_postatomic_army,an_primitive_army,an_psionic_army,an_robotic_army,an_robotic_defense_army,an_robotic_occupation_army,an_slave_army,an_undead_army,an_xenomorph_army,cn_first_names_female,cn_first_names_male,cn_regnal_first_names_female,cn_regnal_first_names_male,cn_regnal_second_names,cn_second_names,fn_fleet_names,fn_random_names,pn_alpine_planets,pn_arctic_planets,pn_arid_planets,pn_continental_planets,pn_desert_planets,pn_gaia_planets,pn_generic_planets,pn_ocean_planets,pn_savannah_planets,pn_tropical_planets,pn_tundra_planets,sn_battle_cruiser,sn_battleship,sn_carrier,sn_colonizer,sn_colossus,sn_construction_cruiser,sn_constructor,sn_corvette,sn_cruiser,sn_destroyer,sn_dreadnought,sn_escort_carrier,sn_exploration_ship,sn_flagship,sn_frigate,sn_generic,sn_headquarters,sn_ion_cannon,sn_juggernaut,sn_light_carrier,sn_military_station_large,sn_military_station_medium,sn_military_station_small,sn_science,sn_science_cruiser,sn_sponsored_colonizer,sn_striker_cruiser,sn_superdreadnought,sn_titan,sn_transport,sn_xl_cannon
Ancient Egyptian (ONL),osiris,ancientegypt,$ORD$ Purifiers of Osiris,$ORD$ Chosen of Min,$ORD$ Guardians of Osiris,$ORD$ Chosen of Ra,$ORD$ Chosen of Amenhotep,$ORD$ Purifiers of Ptah,$ORD$ Purifiers of Ptah,$ORD$ Purifiers of Ptah,$ORD$ Guardians of Ptah,$ORD$ Liberators of Osiris,$ORD$ Chosen of Apopis,$ORD$ Chosen of Hathor,$ORD$ Chosen of Min,$ORD$ Chosen of Ptah,$ORD$ Guardians of Ptah,$ORD$ Liberators of Ptah,$ORD$ Chosen of Set,$ORD$ Chosen of Anubis,$ORD$ Chosen of Typhon,Aat,Akhom,"Merneith, of the Two Ladies","Djoser, Spirit of Aten",,,$ORD$ Disciples of Horus,Sopdu's Gale,,,,,,,Thebes,,,,,Blood of Amon-Ra,Serket,Sekhmet,Renenutet's Will,Amon-Ra,Ptah's Vigor,Renenutet's Plow,Asti's Khopesh,Blood of Montu,Setcheh's Chariot,Set,Bastet's Dagger,Thoth's Reach,Osiris,Anuke's Spear,Abu,Heart of Ra,Light of Ra,Amon,Dagger of Amon,$ORD$ House of Horus,$ORD$ House of Anhur,$ORD$ House of Sekhmet,Thoth's Brilliance,Hand of Imhotep,Tatenen's Will,Anubis's Dagger,Khufu's Barque,Horus,Khufu's Barque,Blinding Light of Ra
,,,,,,,,,,,,,,,,,,,,,,Ahhotep,Amasis,"Sobekneferu, Beloved of Ra","Khufu, the Grand Architect",,,,Hathor's Splendor,,,,,,,Memphis,,,,,Wrath of Neith,Ammit,Neith,Hapi's Flood,,Breath of Nepit,Hand of Atum,Wepset's Rage,Dagger of Montu,Apesh's Khopesh,Selkis,Fist of Menhit,Thoth's Discovery,,Wepwawet's Spear,Ra-ateni,,,Ra,Wrath of Bastet,,,,Thoth's Light,Thoth's Light,Nepit's Hearth,Menhit's Khopesh,Word of Den,Anhur,Word of Den,
,,,,,,,,,,,,,,,,,,,,,,Amenirdis,Amenmesse,"Hatshepsut, the Enduring","Thutmose, Tamer of Worlds",,,,Sekhmet's Guardians,,,,,,,Amarna,,,,,Amon-Ra's Javelin,Anubis,Sobek,Nepit's Bounty,,Renenutet's Plow,Breath of Nepit,Kebehut's Dagger,Dagger of Amon-Ra,Fist of Denwen,Anuke,Fist of Osiris,Revelation of Khonsu,,Pelican's Spear,Asclepius,,,,Montu's Rage,,,,Spirit of Thoth,Spirit of Thoth,Rite of Tatenen,Sobek's Fury,Breath of Apep,Shentayet,Breath of Apep,
,,,,,,,,,,,,,,,,,,,,,,Aneksi,Amenmose,"Nefertiti, Sacred of Appearance","Amenhotep, Utterance of Osiris",,,,Maahes's Roar,,,,,,,Abydos,,,,,Blade of Bastet,Heptet,Astarte,Isis's Hearth,,Ptah's Vision,Hand of Ptah,Dagger of Shemat-Khu,Dagger of Neith,Reshep's Vigil,Anat,Bastet's Arrow,Khonsu's Secret,,Meretseger's Shield,Mehit,,,,Amon-Ra's Dagger,,,,Thoth's Genius,Imhotep's Genius,Nepit's Will,Hetemit's Rage,Ra's Chariot,Taweret,Ra's Chariot,
,,,,,,,,,,,,,,,,,,,,,,Ankhenespepi,Amennakht,"Cleopatra, Giver of Life","Akhenaten, the Fighting Hawk",,,,Menhit's Thunder,,,,,,,Apis,,,,,Montu's Javelin,Ta-Bijet,Horus,Tatenen's Will,,Hand of Atum,Nefertum's Creation,Blade of Seblumeker,Osiris's Arrow,Fist of Apesh,Wepset,Osiris's Rage,Khonsu's Yearning,,Blade of Heryshaf,Unut,,,,Neith's Shield,,,,Imhotep's Light,Spirit of Imhotep,Tatenen's Hearth,Montu's Khopesh,Spirit of Neferirkare,Sekhmet,Spirit of Neferirkare,
,,,,,,,,,,,,,,,,,,,,,,Ankhesenamun,Amenophis,"Neferirkare, Light of Ra","Tutankhamun, Lord of the Stars",,,,Khepri's Guard,,,,,,,Setennu,,,,,Blood of Menhit,Hetepes-Sekhus,Hedetet,Hathor's Bounty,,Nefertum's Creation,Bennu's Blessing,Khesfu's Dagger,Selkis's Chariot,Apis's Vigil,Shesmetet,Ra's Fury,Thoth's Utterance,,Baal's Rage,Āpesh,,,,Set's Khopesh,,,,Eye of Imhotep,Hand of Thoth,Rite of Nepit,Blade of Bastet,Kagemni's Steed,Aten,Kagemni's Steed,
,,,,,,,,,,,,,,,,,,,,,,Ankhesenpaaten,Ameny,"Aya, Divine in Appearance","Remesses, Osirian Protector",,,,Set's Wrath,,,,,,,Tao,,,,,Bastet's Spear,Pelican,Kebehut,Rite of Anuket,,Ptah's itude,Ptah's itude,Blade of Apis,Osiris's Rage,Mehen's Arrow,Amon,Montu's Chariot,Khonsu's Pioneer,,Blade of Apep,Panebtawy,,,,Bastet's Spear,,,,Hand of Thoth,Eye of Thoth,Tatenen's Bounty,Fist of Aten,Voice of Ptahshepses,Montu,Voice of Ptahshepses,
,,,,,,,,,,,,,,,,,,,,,,Anpuhotep,Amun-her-khepeshef,,"Sekhemket, Guardian of the Gods",,,,Bennu's Fire,,,,,,,Per-Hathor,,,,,Anhur's Fury,Bastet,Anhefta,Hathor's Will,,Bennu's Blessing,Ptah's Vision,Hetepes-Sekhus's Dagger,Blood of Hetemit,Wrath of Khentekhtai,Ahti,Dagger of Hetemit,Khonsu's Prophecy,,Wrath of Serapis,Yam,,,,Osiris's Chariot,,,,Spirit of Imhotep,Imhotep's Brilliance,Earth of Tatenen,Sekhmet's Spear,Spirit of Isis,Osiris,Spirit of Isis,
,,,,,,,,,,,,,,,,,,,,,,Baketmut,Amun-her-wenemef,,"Snefru, Blessed of Isis",,,,Selkis's Sting,,,,,,,Kom Ombo,,,,,Wrath of Ra,,Shemat-Khu,Isis's Bounty,,Ptah's Will,Ptah's Vigor,Wrath of Apis,Amon-Ra's Dagger,Blood of Harmachis,,Maahes's Khopesh,Thoth's Prophecy,,Meretseger's Fury,Baal,,,,Horus's Rage,,,,Hand of Imhotep,Thoth's Genius,Isis's Hearth,Neith's Javelin,Apep's Steed,,Apep's Steed,
,,,,,,,,,,,,,,,,,,,,,,Beketamun,Ankh-ef-en-khonsu,,"Khafre, Eye of Horus",,,,Isis's Blessed,,,,,,,Swenett,,,,,Blood of Selkis,,Ishtar,Rite of Tatenen,,Hand of Ptah,Ptah's Will,Blood of Buchis,Menhit's Chariot,Aani's Khopesh,,Maahes's Fury,Khonsu's Reach,,Ammit's Arrow,Heru-Khu,,,,Hetemit's Vigil,,,,Imhotep's Genius,Imhotep's Light,Rite of Anuket,Ra's Fury,Spirit of Khafre,,Spirit of Khafre,
,,,,,,,,,,,,,,,,,,,,,,Beketaten,Ankhefensekhmet,,"Menkaure, Lord of Worlds",,,,Khnum's Ram,,,,,,,Hieracon,,,,,Ra's Shield,,Besna,Anuket's Hearth,,,,Dagger of Ta-Bijet,Fist of Osiris,Dagger of Pelican,,Dagger of Sobek,Revelation of Thoth,,Khentekhtai's Khopesh,Thermuthis,,,,Amon-Ra's Shield,,,,Imhotep's Brilliance,Eye of Imhotep,Rite of Hathor,Anhur's Vigil,Nyuserre Ini's Command,,Nyuserre Ini's Command,
,,,,,,,,,,,,,,,,,,,,,,Benerib,Ankhkherednefer,,"Mentuhotep, the Golden Falcon",,,,Shu's Tempest,,,,,,,Avaris,,,,,Blood of Hetemit,,Meretseger,Anuket's Bounty,,,,Blade of Besna,Ra's Fury,Astarte's Chariot,,Neith's Rage,Thoth's Secret,,Meretseger's Dagger,Meret,,,,Blade of Neith,,,,Eye of Thoth,Thoth's Brilliance,Anuket's Will,Horus's Spear,Khonsu's Steed,,Khonsu's Steed,
,,,,,,,,,,,,,,,,,,,,,,Betrest,Anpuhotep,,"Tao, Mighty of Kas",,,,Bastet's Grace,,,,,,,Tayu-djayet,,,,,Blade of Aten,,Khefthernebes,Rite of Hapi,,,,Blood of Shemat-Khu,Amon's Javelin,Blood of Anat,,Amon's Arrow,Khonsu's Utterance,,Apis's Khopesh,Heret-Kau,,,,Ra's Vigil,,,,,,Renenutet's Will,Set's Rage,Word of Ra,,Word of Ra,
,,,,,,,,,,,,,,,,,,,,,,Bintanath,Apophis,,"Kamose, Hand of Aten",,,,Geb's Stone,,,,,,,Djedet,,,,,Selkis's Javelin,,,Nepit's Will,,,,Blood of Serapis,Ra's Vigil,Khesfu's Chariot,,Fist of Ra,Thoth's Horizon,,Shesmetet's Javelin,Ihy,,,,Ra's Javelin,,,,,,Anuket's Hearth,Blade of Neith,Neferefre's Command,,Neferefre's Command,
,,,,,,,,,,,,,,,,,,,,,,Djedjetamen,Ay,,"Ptolemy, Wisdom of the Ancients",,,,Anhur's Arrow,,,,,,,Edfu,,,,,Montu's Arrow,,,Hapi's Bounty,,,,Dagger of Ahti,Hetemit's Spear,Astarte's Khopesh,,Dagger of Osiris,Khonsu's Horizion,,Fist of Setcheh,Nebt-Mat,,,,Montu's Spear,,,,,,Hapi's Flood,Anhur's Rage,Senusret's Barque,,Senusret's Barque,
,,,,,,,,,,,,,,,,,,,,,,Djefatnebti,Bakenkhonsu,,"Inaros, Ray of Amon",,,,Horus's Call,,,,,,,Khem,,,,,Osiris's Khopesh,,,Isis's Will,,,,Blood of Hetepes-Sekhus,Hetemit's Vigil,Hetepes-Sekhus's Fury,,Dagger of Amon,,,Asti's Vigil,An-tcher-f,,,,Set's Fury,,,,,,Hathor's Will,Blood of Anhur,Spirit of Den,,Spirit of Den,
,,,,,,,,,,,,,,,,,,,,,,Djeseretnebti,Bakenranef,,"Seti, King of the Heavens",,,,Anuket's Bow,,,,,,,Khasut,,,,,Blood of Aten,,,Rite of Nepit,,,,Blade of Hedetet,Blade of Amon-Ra,Shesmetet's Arrow,,Aten's Dagger,,,Blood of Heryshaf,Tjenmyt,,,,Sobek's Arrow,,,,,,Rite of Isis,Montu's Spear,Spirit of Senusret,,Spirit of Senusret,
,,,,,,,,,,,,,,,,,,,,,,Duathathor,Bardiya,,,,,,Satet's Pioneers,,,,,,,Hebenu,,,,,Set's Chariot,,,Renenutet's Hearth,,,,Amu-Aa's Arrow,Horus's Arrow,Anhefta's Arrow,,Menhit's Spear,,,Wrath of Astarte,Heptet,,,,Neith's Rage,,,,,,Renenutet's Bounty,Ra's Javelin,Word of Khafre,,Word of Khafre,
,,,,,,,,,,,,,,,,,,,,,,Gautseshen,Baufra,,,,,,Hapi's Deluge,,,,,,,Qus,,,,,Neith's Khopesh,,,Hapi's Will,,,,Shesmetet's Chariot,Anhur's Khopesh,Seblumeker's Khopesh,,Amon's Khopesh,,,Shesmetet's Rage,Sebiumeker,,,,Fist of Montu,,,,,,Renenutet's Hearth,Bastet's Spear,Voice of Hor-Aha,,Voice of Hor-Aha,
,,,,,,,,,,,,,,,,,,,,,,Haankhes,Chephren,,,,,,Amun's Chosen,,,,,,,Thinis,,,,,Bastet's Vigil,,,Rite of Hathor,,,,Taweret's Shield,Wrath of Neith,Baal's Spear,,Anhur's Khopesh,,,Hetepes-Sekhus's Rage,Nebethetepet,,,,Osiris's Javelin,,,,,,Isis's Bounty,Maahes's Khopesh,Will of Senusret,,Will of Senusret,
,,,,,,,,,,,,,,,,,,,,,,Hathorhotep,Djedefhor,,,,,,Wadj's Wave,,,,,,,Zau,,,,,Montu's Chariot,,,Renenutet's Bounty,,,,Heryshaf's Shield,Aten's Shield,Dagger of Meretseger,,Sobek's Shield,,,Blade of Anhefta,Amathaunta,,,,Horus's Chariot,,,,,,Hathor's Hearth,Anubis's Rage,Breath of Djedre,,Breath of Djedre,
,,,,,,,,,,,,,,,,,,,,,,Hbnj,Djedefptah,,,,,,Atum''s Brilliance,,,,,,,Pachnamunis,,,,,Set's Rage,,,Hapi's Hearth,,,,Amu-Aa's Rage,Sobek's Khopesh,Meretseger's Arrow,,Blade of Selkis,,,Khesfu's Shield,Anhefta,,,,Hetemit's Fury,,,,,,Isis's Will,Amon's Fury,Voice of Senusret,,Voice of Senusret,
,,,,,,,,,,,,,,,,,,,,,,Hbny,Djedefre,,,,,,Sobek's Bite,,,,,,,Nekhen,,,,,Neith's Spear,,,Earth of Tatenen,,,,Heryshaf's Javelin,Blade of Neith,Mehen's Rage,,Osiris's Fury,,,Wrath of Pelican,Sopdet,,,,Fist of Sobek,,,,,,Nepit's Bounty,Blood of Sekhmet,Ra's Steed,,Ra's Steed,
,,,,,,,,,,,,,,,,,,,,,,Hekenuhedjet,Djedhor,,,,,,Amunet's Heirs,,,,,,,Shashotep,,,,,Osiris's Dagger,,,Tatenen's Bounty,,,,Fist of Wepset,Fist of Bastet,Blade of Reshep,,Ra's Chariot,,,Denwen's Shield,Jupiter-Amun,,,,Horus's Shield,,,,,,Hathor's Bounty,Maahes's Javelin,Voice of Osiris,,Voice of Osiris,
,,,,,,,,,,,,,,,,,,,,,,Henutmehyt,Djedkare,,,,,,Anubis's Scourge,,,,,,,Per-Wadjet,,,,,Blade of Ra,,,Rite of Isis,,,,Blade of Buchis,Montu's Dagger,Blood of Meretseger,,Sekhmet's Dagger,,,Apesh's Arrow,Nefertari,,,,Osiris's Dagger,,,,,,Hapi's Will,Set's Javelin,Nyuserre Ini's Barque,,Nyuserre Ini's Barque,
,,,,,,,,,,,,,,,,,,,,,,Henutmire,Djehutihotep,,,,,,Neith's Hunt,,,,,,,Iken,,,,,Aten's Khopesh,,,Nepit's Hearth,,,,Dagger of Khentekhtai,Wrath of Anubis,Apis's Dagger,,Blood of Anhur,,,Harmachis's Rage,Meretseger,,,,Blade of Ra,,,,,,Anuket's Bounty,Dagger of Sobek,Hor-Aha's Chariot,,Hor-Aha's Chariot,
,,,,,,,,,,,,,,,,,,,,,,Henutsekhemu,Djoser,,,,,,Montu's Khopesh,,,,,,,Djerty,,,,,Anhur's Khopesh,,,Hathor's Hearth,,,,Serket's Khopesh,Blood of Selkis,Khesfu's Rage,,Set's Javelin,,,Blood of Ta-Bijet,Qetesh,,,,Menhit's Chariot,,,,,,Hapi's Bounty,Blood of Montu,Word of Nyuserre Ini,,Word of Nyuserre Ini,
,,,,,,,,,,,,,,,,,,,,,,Henutsen,Harsiese,,,,,,Thoth's Wisdom,,,,,,,Herwer,,,,,Amon-Ra's Dagger,,,Tatenen's Hearth,,,,Ammit's Khopesh,Blade of Sobek,Serapis's Dagger,,Horus's Rage,,,Wepset's Arrow,An-a-f,,,,Amon's Vigil,,,,,,Rite of Hapi,Bastet's Vigil,Word of Ptahshepses,,Word of Ptahshepses,
,,,,,,,,,,,,,,,,,,,,,,Henuttadesh,Heqaib,,,,,,Tefnut's Typhoon,,,,,,,Canopus,,,,,Sobek's Spear,,,Rite of Renenutet,,,,Aani's Rage,Fist of Sekhmet,Shemat-Khu's Fury,,Set's Khopesh,,,Apis's Chariot,Sepa,,,,Horus's Spear,,,,,,Hapi's Hearth,Maahes's Dagger,Word of Djedre,,Word of Djedre,
,,,,,,,,,,,,,,,,,,,,,,Henuttamehu,Hordjedef,,,,,,Khonsu's Halo,,,,,,,Shedet,,,,,Montu's Rage,,,Anuket's Will,,,,Wrath of Wepset,Anhur's Fury,Wepwawet's Khopesh,,Wrath of Anhur,,,Blood of Mehen,Tutu,,,,Sekhmet's Javelin,,,,,,Rite of Renenutet,Sobek's Vigil,Nephthys's Barque,,Nephthys's Barque,
,,,,,,,,,,,,,,,,,,,,,,Henuttaneb,Horemheb,,,,,,Ra's Radiance,,,,,,,Soknopaiou Nesos,,,,,Fist of Ra,,,,,,,Hetepes-Sekhus's Spear,Dagger of Hetemit,Nehebu-Kau's Dagger,,Blade of Sobek,,,Pelican's Khopesh,Wepset,,,,Sekhmet's Vigil,,,,,,,Aten's Shield,Hetepheres's Chariot,,Hetepheres's Chariot,
,,,,,,,,,,,,,,,,,,,,,,Henuttawy,Hotepsekhemwy,,,,,,Aten's Light,,,,,,,Ipu,,,,,Ra's Javelin,,,,,,,Fist of Khentekhtai,Hetemit's Shield,Dagger of Baal,,Montu's Khopesh,,,Fist of Reshep,Iw,,,,Osiris's Arrow,,,,,,,Blood of Horus,Spirit of Kagemni,,Spirit of Kagemni,
,,,,,,,,,,,,,,,,,,,,,,Herneith,Ibi,,,,,,Osiris's Reborn,,,,,,,Koptos,,,,,Blood of Horus,,,,,,,Denwen's Chariot,Fist of Montu,Pelican's Dagger,,Maahes's Javelin,,,Heryshaf's Spear,Amenhotep,,,,Horus's Fury,,,,,,,Blade of Set,Horus's Barque,,Horus's Barque,
,,,,,,,,,,,,,,,,,,,,,,Hetepenamun,Idu,,,,,,Maat's Justice,,,,,,,Chenem-Waset,,,,,Hetemit's Fury,,,,,,,Blade of Kebehut,Blade of Set,Blood of Pelican,,Montu's Rage,,,Amu-Aa's Khopesh,Apep,,,,Aten's Dagger,,,,,,,Osiris's Khopesh,Den's Barque,,Den's Barque,
,,,,,,,,,,,,,,,,,,,,,,Hetepheres,Imoúthēs,,,,,,Wadjet's Hiss,,,,,,,Per-Atum,,,,,Aten's Javelin,,,,,,,Amu-Aa's Spear,Neith's Fury,Khefthernebes's Dagger,,Menhit's Chariot,,,Nehebu-Kau's Shield,Min,,,,Sobek's Khopesh,,,,,,,Blade of Ra,Word of Kagemni,,Word of Kagemni,
,,,,,,,,,,,,,,,,,,,,,,Hetephernebti,Inykhnum,,,,,,,,,,,,,Pi-Ramesses,,,,,Horus's Arrow,,,,,,,Fist of Hedetet,Blade of Osiris,Blade of Serapis,,Dagger of Bastet,,,Wrath of Setcheh,Uneg/Weneg,,,,Montu's Arrow,,,,,,,Horus's Fury,Voice of Kagemni,,Voice of Kagemni,
,,,,,,,,,,,,,,,,,,,,,,Hrere,Inyotef,,,,,,,,,,,,,Naqada,,,,,Osiris's Javelin,,,,,,,Khefthernebes's Khopesh,Neith's Javelin,Blade of Shentayet,,Aten's Arrow,,,Shentayet's Vigil,Fetket,,,,Sekhmet's Chariot,,,,,,,Hetemit's Fury,Voice of Nephthys,,Voice of Nephthys,
,,,,,,,,,,,,,,,,,,,,,,Inenek,Iry-Hor,,,,,,,,,,,,,Thonis,,,,,Horus's Chariot,,,,,,,Serapis's Javelin,Selkis's Vigil,Dagger of Hedetet,,Sekhmet's Javelin,,,Harmachis's Vigil,Khesfu,,,,Menhit's Khopesh,,,,,,,Amon's Chariot,Voice of Neferirkare,,Voice of Neferirkare,
,,,,,,,,,,,,,,,,,,,,,,Isetemkheb,Iuseneb,,,,,,,,,,,,,Heliopolis,,,,,Selkis's Spear,,,,,,,Mehen's Vigil,Maahes's Chariot,Fist of Shesmetet,,Neith's Dagger,,,Shesmetet's Khopesh,Besna,,,,Sobek's Fury,,,,,,,Menhit's Javelin,Neferirkare's Barque,,Neferirkare's Barque,
,,,,,,,,,,,,,,,,,,,,,,Isetnofret,Joba,,,,,,,,,,,,,Per-Amun,,,,,Ra's Vigil,,,,,,,Shemat-Khu's Dagger,Osiris's Dagger,Fist of Meretseger,,Montu's Shield,,,Khentekhtai's Rage,Peteese,,,,Neith's Arrow,,,,,,,Horus's Chariot,Khafre's Command,,Khafre's Command,
,,,,,,,,,,,,,,,,,,,,,,Joba,Ka,,,,,,,,,,,,,Naucratis,,,,,Set's Fury,,,,,,,Blade of Taweret,Montu's Spear,Heryshaf's Khopesh,,Anubis's Rage,,,Dagger of Hetepes-Sekhus,Kebehut,,,,Ra's Fury,,,,,,,Bastet's Shield,Will of Ptahshepses,,Will of Ptahshepses,
,,,,,,,,,,,,,,,,,,,,,,Kanzuie,Kanefer,,,,,,,,,,,,,Dendera,,,,,Anubis's Fury,,,,,,,Fist of Anat,Hetemit's Fury,Wepset's Khopesh,,Horus's Chariot,,,Wrath of Taweret,Amenhotep I,,,,Aten's Arrow,,,,,,,Wrath of Bastet,Osiris's Command,,Osiris's Command,
,,,,,,,,,,,,,,,,,,,,,,Khamerernebty,Khabawsokar,,,,,,,,,,,,,Nekheb,,,,,Horus's Fury,,,,,,,Fist of Seblumeker,Wrath of Bastet,Pelican's Rage,,Blade of Hetemit,,,Fist of Wepset,Nebt-Shat,,,,Neith's Khopesh,,,,,,,Osiris's Fury,Will of Khentkaus,,Will of Khentkaus,
,,,,,,,,,,,,,,,,,,,,,,Khedebneithirbinet,Khaemwaset,,,,,,,,,,,,,Sumenu,,,,,Hetemit's Spear,,,,,,,Anat's Chariot,Anubis's Arrow,Blood of Anuke,,Sobek's Fury,,,Blade of Wepset,Shenty,,,,Bastet's Shield,,,,,,,Neith's Fury,Isis's Steed,,Isis's Steed,
,,,,,,,,,,,,,,,,,,,,,,Khenemetibamun,Khaemweset,,,,,,,,,,,,,Timinhor,,,,,Dagger of Bastet,,,,,,,Seblumeker's Fury,Maahes's Dagger,Khentekhtai's Vigil,,Osiris's Dagger,,,Dagger of Khesfu,Ash,,,,Blood of Aten,,,,,,,Maahes's Chariot,Voice of Den,,Voice of Den,
,,,,,,,,,,,,,,,,,,,,,,Khenemetneferhedjet,Khasekhemwy,,,,,,,,,,,,,Alexandria,,,,,Fist of Menhit,,,,,,,Fist of Buchis,Blood of Anubis,Serapis's Chariot,,Maahes's Vigil,,,Anuke's Chariot,Sah,,,,Fist of Selkis,,,,,,,Montu's Javelin,Spirit of Ra,,Spirit of Ra,
,,,,,,,,,,,,,,,,,,,,,,Khenthap,Khensu,,,,,,,,,,,,,Ptkheka,,,,,Sekhmet's Dagger,,,,,,,Blood of Ishtar,Montu's Javelin,Wrath of Shentayet,,Blood of Amon-Ra,,,Khentekhtai's Fury,Khenti-qerer,,,,Blade of Osiris,,,,,,,Fist of Maahes,Spirit of Hor-Aha,,Spirit of Hor-Aha,
,,,,,,,,,,,,,,,,,,,,,,Khufuankh,Kheperkare,,,,,,,,,,,,,Madu,,,,,Anubis's Shield,,,,,,,Fist of Astarte,Blood of Amon,Serapis's Spear,,Selkis's Shield,,,Setcheh's Javelin,Imhotep,,,,Wrath of Selkis,,,,,,,Wrath of Anhur,Ptahshepses's Command,,Ptahshepses's Command,
,,,,,,,,,,,,,,,,,,,,,,Kiya,Khepri,,,,,,,,,,,,,Thebes,,,,,Menhit's Javelin,,,,,,,Serket's Shield,Blood of Anhur,Wrath of Harmachis,,Montu's Dagger,,,Wepset's Shield,Raet-Tawy,,,,Bastet's Dagger,,,,,,,Fist of Osiris,Kagemni's Command,,Kagemni's Command,
,,,,,,,,,,,,,,,,,,,,,,Maat-hor,Khueninpu,,,,,,,,,,,,,Djedu,,,,,Sekhmet's Chariot,,,,,,,Ishtar's Spear,Maahes's Fury,Pelican's Shield,,Dagger of Aten,,,Blood of Heptet,Sefkhet-Abwy,,,,Anubis's Dagger,,,,,,,Anhur's Fury,Khufu's Chariot,,Khufu's Chariot,
,,,,,,,,,,,,,,,,,,,,,,Maathorneferure,Khufukhaf,,,,,,,,,,,,,Per-Bast,,,,,Amon's Chariot,,,,,,,Shesmetet's Spear,Fist of Maahes,Harmachis's Dagger,,Anubis's Arrow,,,Fist of Mehen,Hedetet,,,,Blade of Bastet,,,,,,,Wrath of Amon-Ra,Khafre's Chariot,,Khafre's Chariot,
,,,,,,,,,,,,,,,,,,,,,,Mayet,Koshari,,,,,,,,,,,,,Khemenu,,,,,Fist of Montu,,,,,,,Blade of Pelican,Blade of Hetemit,Blade of Hetepes-Sekhus,,Wrath of Montu,,,Fist of Hetepes-Sekhus,Babi,,,,Amon-Ra's Javelin,,,,,,,Dagger of Maahes,Spirit of Mahen,,Spirit of Mahen,
,,,,,,,,,,,,,,,,,,,,,,Mayetenaten,Menkaure,,,,,,,,,,,,,Semabehdet,,,,,Dagger of Osiris,,,,,,,Anat's Arrow,Sekhmet's Javelin,Ishtar's Chariot,,Selkis's Vigil,,,Wrath of Anat,Mafdet,,,,Hetemit's Javelin,,,,,,,Dagger of Selkis,Will of Kagemni,,Will of Kagemni,
,,,,,,,,,,,,,,,,,,,,,,Meketaten,Menkheperre,,,,,,,,,,,,,Per-Sopdu,,,,,Neith's Javelin,,,,,,,Seblumeker's Shield,Aten's Vigil,Besna's Vigil,,Osiris's Arrow,,,Hetepes-Sekhus's Vigil,Mnevis,,,,Selkis's Chariot,,,,,,,Wrath of Neith,Kagemni's Chariot,,Kagemni's Chariot,
,,,,,,,,,,,,,,,,,,,,,,Menmet,Mentuherkhepeshef,,,,,,,,,,,,,Buhen,,,,,Aten's Spear,,,,,,,Ammit's Chariot,Blade of Amon,Anat's Shield,,Blade of Osiris,,,Apesh's Spear,Neferhotep,,,,Blood of Osiris,,,,,,,Hetemit's Vigil,Neferefre's Chariot,,Neferefre's Chariot,
,,,,,,,,,,,,,,,,,,,,,,Meresamun,Mentuhotep,,,,,,,,,,,,,Qis,,,,,Blade of Osiris,,,,,,,Ta-Bijet's Shield,Maahes's Javelin,Taweret's Javelin,,Set's Chariot,,,Blade of Ahti,Nehmetawy,,,,Neith's Spear,,,,,,,Sobek's Shield,Apep's Command,,Apep's Command,
,,,,,,,,,,,,,,,,,,,,,,Meres-nip,Meriiti,,,,,,,,,,,,,Per-Medjed,,,,,Bastet's Shield,,,,,,,Dagger of Apesh,Menhit's Fury,Blood of Setcheh,,Selkis's Javelin,,,Ta-Bijet's Chariot,Hu,,,,Blade of Aten,,,,,,,Montu's Chariot,Voice of Khonsu,,Voice of Khonsu,
,,,,,,,,,,,,,,,,,,,,,,Meret-isesi,Merneptah,,,,,,,,,,,,,Hermonthis,,,,,Ra's Khopesh,,,,,,,Dagger of Serket,Dagger of Set,Buchis's Arrow,,Amon's Vigil,,,Ta-Bijet's Khopesh,Werethekau,,,,Aten's Khopesh,,,,,,,Blade of Sobek,Mahen's Barque,,Mahen's Barque,
,,,,,,,,,,,,,,,,,,,,,,Meretseger,Merysekhmet,,,,,,,,,,,,,Tepihu,,,,,Hetemit's Vigil,,,,,,,Anhefta's Chariot,Sobek's Spear,Meretseger's Khopesh,,Osiris's Shield,,,Baal's Fury,Dua,,,,Selkis's Vigil,,,,,,,Ra's Chariot,Will of Nyuserre Ini,,Will of Nyuserre Ini,
,,,,,,,,,,,,,,,,,,,,,,Merit,Mesen-ka,,,,,,,,,,,,,Tanis,,,,,Dagger of Set,,,,,,,Ishtar's Khopesh,Neith's Spear,Aani's Javelin,,Neith's Fury,,,Ishtar's Javelin,Sesenet-Khu,,,,Menhit's Spear,,,,,,,Dagger of Amon,Voice of Khafre,,Voice of Khafre,
,,,,,,,,,,,,,,,,,,,,,,Meritamen,Metjen,,,,,,,,,,,,,Asyut,,,,,Horus's Spear,,,,,,,Apis's Arrow,Amon's Arrow,Khefthernebes's Rage,,Hetemit's Shield,,,Blade of Denwen,Ba-Ra,,,,Blade of Horus,,,,,,,Dagger of Hetemit,Hor-Aha's Steed,,Hor-Aha's Steed,
,,,,,,,,,,,,,,,,,,,,,,Meritamun,Mina,,,,,,,,,,,,,Taremu,,,,,Montu's Fury,,,,,,,Dagger of Pelican,Osiris's Shield,Apis's Javelin,,Hetemit's Spear,,,Blade of Khentekhtai,Heryshaf,,,,Set's Javelin,,,,,,,Blade of Sekhmet,Word of Apep,,Word of Apep,
,,,,,,,,,,,,,,,,,,,,,,Meritaten,Minmose,,,,,,,,,,,,,Saka,,,,,Blade of Amon-Ra,,,,,,,Blade of Nehebu-Kau,Bastet's Dagger,Kebehut's Khopesh,,Anhur's Rage,,,Khefthernebes's Arrow,Hert-sefu-s,,,,Anhur's Fury,,,,,,,Neith's Arrow,Breath of Hor-Aha,,Breath of Hor-Aha,
,,,,,,,,,,,,,,,,,,,,,,Meritptah,Nakht,,,,,,,,,,,,,Ta-senet,,,,,Fist of Maahes,,,,,,,Apesh's Chariot,Aten's Fury,Khentekhtai's Shield,,Wrath of Bastet,,,Reshep's Dagger,Seret,,,,Dagger of Bastet,,,,,,,Neith's Rage,Word of Neferefre,,Word of Neferefre,
,,,,,,,,,,,,,,,,,,,,,,Merneith,Nakhtmut,,,,,,,,,,,,,Tjebu,,,,,Dagger of Amon-Ra,,,,,,,Ahti's Vigil,Fist of Aten,Am-heh's Arrow,,Selkis's Spear,,,Amu-Aa's Shield,Hert-Nemmat-Set,,,,Ra's Chariot,,,,,,,Dagger of Neith,Spirit of Hetepheres,,Spirit of Hetepheres,
,,,,,,,,,,,,,,,,,,,,,,Meryt,Nakhtre,,,,,,,,,,,,,Seshesh,,,,,Blood of Amon,,,,,,,Shemat-Khu's Javelin,Osiris's Fury,Anhefta's Shield,,Amon-Ra's Vigil,,,Dagger of Astarte,Shentayet,,,,Aten's Spear,,,,,,,Dagger of Amon-Ra,Spirit of Nephthys,,Spirit of Nephthys,
,,,,,,,,,,,,,,,,,,,,,,Merytkhet,Narmer,,,,,,,,,,,,,Henen-nesut,,,,,Menhit's Spear,,,,,,,Fist of Heptet,Neith's Rage,Taweret's Arrow,,Amon's Chariot,,,Anuke's Arrow,Astennu,,,,Maahes's Khopesh,,,,,,,Bastet's Dagger,Spirit of Nyuserre Ini,,Spirit of Nyuserre Ini,
,,,,,,,,,,,,,,,,,,,,,,Merytmihapi,Nebemakhet,,,,,,,,,,,,,Hermopolis Parva,,,,,Menhit's Fury,,,,,,,Blade of Meretseger,Amon's Fury,Wrath of Khesfu,,Anubis's Dagger,,,Hetepes-Sekhus's Khopesh,Ammit,,,,Fist of Maahes,,,,,,,Menhit's Chariot,Word of Osiris,,Word of Osiris,
,,,,,,,,,,,,,,,,,,,,,,Merytnetjer,Nebmaatre,,,,,,,,,,,,,Menouthis,,,,,Blood of Montu,,,,,,,Anti's Shield,Fist of Menhit,Ta-Bijet's Arrow,,Blade of Ra,,,Fist of Ta-Bijet,Sekhemus,,,,Sobek's Vigil,,,,,,,Selkis's Javelin,Breath of Horus,,Breath of Horus,
,,,,,,,,,,,,,,,,,,,,,,Merytre,Nefer,,,,,,,,,,,,,Tjaru,,,,,Horus's Shield,,,,,,,Blade of Astarte,Aten's Javelin,Apep's Arrow,,Sobek's Vigil,,,Heptet's Rage,Pesi,,,,Anubis's Fury,,,,,,,Blood of Hetemit,Word of Hetepheres,,Word of Hetepheres,
,,,,,,,,,,,,,,,,,,,,,,Mutemwiya,Neferhotep,,,,,,,,,,,,,Athribis,,,,,Fist of Anubis,,,,,,,Wepset's Chariot,Amon's Shield,Wepset's Fury,,Osiris's Chariot,,,Dagger of Shesmetet,Sekhat-Hor,,,,Blood of Amon-Ra,,,,,,,Ra's Khopesh,Voice of Horus,,Voice of Horus,
,,,,,,,,,,,,,,,,,,,,,,Mutmetjennefer,Neferirkare,,,,,,,,,,,,,Tamiat,,,,,Maahes's Vigil,,,,,,,Baal's Chariot,Amon-Ra's Spear,Heryshaf's Fury,,Menhit's Khopesh,,,Fist of Anti,Sepṭu,,,,Amon's Shield,,,,,,,Wrath of Ra,Hor-Aha's Barque,,Hor-Aha's Barque,
,,,,,,,,,,,,,,,,,,,,,,Mut-tuya,Neferkasokar,,,,,,,,,,,,,Rosetta,,,,,Dagger of Montu,,,,,,,Mehen's Javelin,Sobek's Fury,Khesfu's Javelin,,Aten's Shield,,,Blood of Anti,Thmei,,,,Fist of Sekhmet,,,,,,,Wrath of Montu,Breath of Senusret,,Breath of Senusret,
,,,,,,,,,,,,,,,,,,,,,,Nakhtmut,Nefermaat,,,,,,,,,,,,,,,,,,Osiris's Fury,,,,,,,Anti's Javelin,Blood of Amon-Ra,Heptet's Vigil,,Anhur's Vigil,,,Serket's Spear,Temet,,,,Anubis's Rage,,,,,,,Wrath of Selkis,Djedre's Barque,,Djedre's Barque,
,,,,,,,,,,,,,,,,,,,,,,Nakhtneith,Nefer-setekh,,,,,,,,,,,,,,,,,,Selkis's Vigil,,,,,,,Khefthernebes's Vigil,Dagger of Maahes,Aani's Dagger,,Aten's Vigil,,,Kebehut's Chariot,Taweret,,,,Montu's Shield,,,,,,,Bastet's Javelin,Khufu's Command,,Khufu's Command,
,,,,,,,,,,,,,,,,,,,,,,Nebetah,Nefertem,,,,,,,,,,,,,,,,,,Blood of Sekhmet,,,,,,,Anuke's Shield,Anubis's Shield,Denwen's Rage,,Sobek's Spear,,,Khentekhtai's Javelin,Shesmetet,,,,Blade of Amon,,,,,,,Horus's Vigil,Will of Ra,,Will of Ra,
,,,,,,,,,,,,,,,,,,,,,,Nebetananash,Neheb,,,,,,,,,,,,,,,,,,Wrath of Selkis,,,,,,,Apep's Fury,Set's Fury,Khefthernebes's Chariot,,Blood of Amon,,,Anhefta's Vigil,Shed,,,,Selkis's Spear,,,,,,,Blade of Amon-Ra,Hetepheres's Barque,,Hetepheres's Barque,
,,,,,,,,,,,,,,,,,,,,,,Nebetimmunedjem,Nemtinakht,,,,,,,,,,,,,,,,,,Wrath of Anhur,,,,,,,Nehebu-Kau's Fury,Osiris's Javelin,Aani's Fury,,Horus's Fury,,,Khefthernebes's Spear,Heru-pa-kaut,,,,Osiris's Fury,,,,,,,Anubis's Arrow,Nephthys's Command,,Nephthys's Command,
,,,,,,,,,,,,,,,,,,,,,,Nebetiunet,Nesubanebdjedet,,,,,,,,,,,,,,,,,,Montu's Shield,,,,,,,Besna's Fury,Osiris's Khopesh,Anat's Dagger,,Aten's Spear,,,Anuke's Vigil,Mestȧ,,,,Dagger of Hetemit,,,,,,,Amon's Shield,Breath of Kagemni,,Breath of Kagemni,
,,,,,,,,,,,,,,,,,,,,,,Nebetnehat,Netjeraperef,,,,,,,,,,,,,,,,,,Amon's Spear,,,,,,,Blood of Astarte,Ra's Javelin,Fist of Ammit,,Montu's Vigil,,,Meretseger's Javelin,Iabet,,,,Neith's Dagger,,,,,,,Amon-Ra's Shield,Senusret's Steed,,Senusret's Steed,
,,,,,,,,,,,,,,,,,,,,,,Nebettawy,Nikaure,,,,,,,,,,,,,,,,,,Blade of Amon,,,,,,,Am-heh's Javelin,Menhit's Javelin,Blood of Besna,,Fist of Anubis,,,Heryshaf's Chariot,Nebt-Shefshefet,,,,Neith's Chariot,,,,,,,Aten's Arrow,Neferirkare's Chariot,,Neferirkare's Chariot,
,,,,,,,,,,,,,,,,,,,,,,Nebty-tepites,Nisuheqet,,,,,,,,,,,,,,,,,,Horus's Vigil,,,,,,,Ishtar's Vigil,Amon's Chariot,Dagger of Anat,,Ra's Javelin,,,Blade of Heptet,Menhit,,,,Bastet's Javelin,,,,,,,Amon-Ra's Rage,Ra's Command,,Ra's Command,
,,,,,,,,,,,,,,,,,,,,,,Nedjemmut,Pa-ankh-entef,,,,,,,,,,,,,,,,,,Maahes's Chariot,,,,,,,Blood of Shesmetet,Blood of Osiris,Heptet's Shield,,Hetemit's Fury,,,Apesh's Rage,Esna,,,,Blade of Sekhmet,,,,,,,Amon's Vigil,Khafre's Steed,,Khafre's Steed,
,,,,,,,,,,,,,,,,,,,,,,Neferet,Pachomios,,,,,,,,,,,,,,,,,,Amon's Shield,,,,,,,Apep's Vigil,Ra's Shield,Anti's Spear,,Amon-Ra's Rage,,,Astarte's Dagger,Hery-sha-duat,,,,Aten's Fury,,,,,,,Montu's Arrow,Breath of Ptahshepses,,Breath of Ptahshepses,
,,,,,,,,,,,,,,,,,,,,,,Neferhetepes,Pahemnetjer,,,,,,,,,,,,,,,,,,Blade of Set,,,,,,,Anat's Javelin,Blood of Sekhmet,Hetepes-Sekhus's Shield,,Montu's Arrow,,,Am-heh's Dagger,Banebdjedet,,,,Blood of Amon,,,,,,,Blade of Aten,Isis's Barque,,Isis's Barque,
,,,,,,,,,,,,,,,,,,,,,,Neferneferuaten,Pakhom,,,,,,,,,,,,,,,,,,Wrath of Bastet,,,,,,,Seblumeker's Rage,Aten's Spear,Asti's Arrow,,Blood of Montu,,,Denwen's Vigil,Sait,,,,Bastet's Arrow,,,,,,,Amon's Javelin,Khentkaus's Steed,,Khentkaus's Steed,
,,,,,,,,,,,,,,,,,,,,,,Neferneferure,Pamiu,,,,,,,,,,,,,,,,,,Dagger of Selkis,,,,,,,Heryshaf's Rage,Hetemit's Javelin,Reshep's Javelin,,Montu's Fury,,,Fist of Ahti,Kherty,,,,Maahes's Rage,,,,,,,Dagger of Set,Khonsu's Barque,,Khonsu's Barque,
,,,,,,,,,,,,,,,,,,,,,,Neferthenut,Panehesy,,,,,,,,,,,,,,,,,,Dagger of Hetemit,,,,,,,Wrath of Ishtar,Wrath of Selkis,Baal's Shield,,Menhit's Javelin,,,Blood of Khentekhtai,Tenenet,,,,Menhit's Fury,,,,,,,Neith's Chariot,Will of Isis,,Will of Isis,
,,,,,,,,,,,,,,,,,,,,,,Nefertiabet,Panhsj,,,,,,,,,,,,,,,,,,Ra's Spear,,,,,,,Wepwawet's Arrow,Blade of Bastet,Khesfu's Fury,,Selkis's Chariot,,,Wepwawet's Shield,Pelican,,,,Anhur's Rage,,,,,,,Montu's Dagger,Khonsu's Command,,Khonsu's Command,
,,,,,,,,,,,,,,,,,,,,,,Nefertkau,Paramesse,,,,,,,,,,,,,,,,,,Set's Javelin,,,,,,,Shentayet's Spear,Anubis's Fury,Fist of Kebehut,,Blade of Horus,,,Anhefta's Rage,Meskhenet,,,,Hetemit's Rage,,,,,,,Blood of Aten,Senusret's Command,,Senusret's Command,
,,,,,,,,,,,,,,,,,,,,,,Neferu,Pareherwenemef,,,,,,,,,,,,,,,,,,Hetemit's Javelin,,,,,,,Dagger of Wepset,Fist of Ra,Shemat-Khu's Chariot,,Amon's Spear,,,Am-heh's Chariot,Astarte,,,,Wrath of Ra,,,,,,,Menhit's Fury,Will of Neferirkare,,Will of Neferirkare,
,,,,,,,,,,,,,,,,,,,,,,Neferuaten,Pasebakhaenniut,,,,,,,,,,,,,,,,,,Montu's Khopesh,,,,,,,Aani's Chariot,Set's Javelin,Meretseger's Vigil,,Hetemit's Vigil,,,Am-heh's Khopesh,Wepwawet,,,,Ra's Shield,,,,,,,Osiris's Javelin,Voice of Apep,,Voice of Apep,
,,,,,,,,,,,,,,,,,,,,,,Neferubity,Pashhur,,,,,,,,,,,,,,,,,,Fist of Sobek,,,,,,,Amu-Aa's Dagger,Neith's Khopesh,Asti's Rage,,Fist of Aten,,,Blood of Denwen,Ani,,,,Dagger of Aten,,,,,,,Hetemit's Shield,Neferefre's Barque,,Neferefre's Barque,
,,,,,,,,,,,,,,,,,,,,,,Neferuptah,Pedubastis,,,,,,,,,,,,,,,,,,Sobek's Khopesh,,,,,,,Baal's Khopesh,Montu's Rage,Shemat-Khu's Rage,,Fist of Anhur,,,Nehebu-Kau's Arrow,Arensnuphis,,,,Dagger of Osiris,,,,,,,Anhur's Khopesh,Hetepheres's Steed,,Hetepheres's Steed,
,,,,,,,,,,,,,,,,,,,,,,Neferure,Peduhor,,,,,,,,,,,,,,,,,,Amon-Ra's Vigil,,,,,,,Buchis's Dagger,Sekhmet's Vigil,Wrath of Ammit,,Blade of Neith,,,Am-heh's Vigil,Ta-Sent-Nefert,,,,Anubis's Shield,,,,,,,Selkis's Spear,Word of Neferirkare,,Word of Neferirkare,
,,,,,,,,,,,,,,,,,,,,,,Neferusobek,Peftjauawybast,,,,,,,,,,,,,,,,,,Anubis's Rage,,,,,,,Reshep's Shield,Horus's Vigil,Apep's Rage,,Wrath of Anubis,,,Ishtar's Dagger,Aati,,,,Neith's Fury,,,,,,,Bastet's Arrow,Ptahshepses's Steed,,Ptahshepses's Steed,
,,,,,,,,,,,,,,,,,,,,,,Nefretiri,Pehen-ptah,,,,,,,,,,,,,,,,,,Aten's Dagger,,,,,,,Fist of Pelican,Bastet's Arrow,Anat's Vigil,,Anhur's Fury,,,Buchis's Chariot,Heka,,,,Amon-Ra's Spear,,,,,,,Montu's Rage,Neferirkare's Steed,,Neferirkare's Steed,
,,,,,,,,,,,,,,,,,,,,,,Neithhotep,Pehernefer,,,,,,,,,,,,,,,,,,Bastet's Dagger,,,,,,,Ishtar's Arrow,Sekhmet's Chariot,Astarte's Arrow,,Sobek's Khopesh,,,Blade of Pelican,Hert-ketit-s,,,,Fist of Bastet,,,,,,,Blood of Selkis,Spirit of Neferirkare,,Spirit of Neferirkare,
,,,,,,,,,,,,,,,,,,,,,,Nesitanebetashru,Perneb,,,,,,,,,,,,,,,,,,Bastet's Arrow,,,,,,,Anhefta's Fury,Aten's Dagger,Shemat-Khu's Vigil,,Amon's Javelin,,,Anhefta's Spear,Usit,,,,Sobek's Shield,,,,,,,Osiris's Chariot,Hor-Aha's Command,,Hor-Aha's Command,
,,,,,,,,,,,,,,,,,,,,,,Neskhons,Ptahhotep,,,,,,,,,,,,,,,,,,Fist of Anhur,,,,,,,Wrath of Hedetet,Anubis's Dagger,Blade of Ishtar,,Hetemit's Javelin,,,Besna's Chariot,Ṭuamutef,,,,Fist of Anubis,,,,,,,Osiris's Dagger,Mahen's Chariot,,Mahen's Chariot,
,,,,,,,,,,,,,,,,,,,,,,Netiqret,Ptahshepses,,,,,,,,,,,,,,,,,,Sobek's Javelin,,,,,,,Fist of Harmachis,Dagger of Aten,Besna's Javelin,,Maahes's Rage,,,Meretseger's Chariot,Qerhet,,,,Amon's Chariot,,,,,,,Montu's Fury,Will of Neferefre,,Will of Neferefre,
,,,,,,,,,,,,,,,,,,,,,,Nimaathap,Ptahwer,,,,,,,,,,,,,,,,,,Fist of Amon-Ra,,,,,,,Wrath of Anuke,Dagger of Sobek,Apep's Spear,,Dagger of Maahes,,,Dagger of Setcheh,Pihor,,,,Aten's Javelin,,,,,,,Neith's Dagger,Neferirkare's Command,,Neferirkare's Command,
,,,,,,,,,,,,,,,,,,,,,,Nitocris,Rahotep,,,,,,,,,,,,,,,,,,Amon's Javelin,,,,,,,Blade of Apesh,Bastet's Shield,Setcheh's Khopesh,,Blade of Bastet,,,Wrath of Kebehut,Anat,,,,Maahes's Javelin,,,,,,,Blood of Amon,Breath of Ra,,Breath of Ra,
,,,,,,,,,,,,,,,,,,,,,,Nofret,Ramses,,,,,,,,,,,,,,,,,,Ra's Chariot,,,,,,,Blood of Nehebu-Kau,Amon's Vigil,Ammit's Javelin,,Hetemit's Rage,,,Denwen's Fury,Gengen Wer,,,,Montu's Chariot,,,,,,,Selkis's Chariot,Will of Den,,Will of Den,
,,,,,,,,,,,,,,,,,,,,,,Nofretete,Ramsis,,,,,,,,,,,,,,,,,,Horus's Rage,,,,,,,Dagger of Besna,Menhit's Khopesh,Taweret's Dagger,,Neith's Khopesh,,,Wepwawet's Rage,An-hetep-f,,,,Blood of Montu,,,,,,,Blade of Hetemit,Horus's Steed,,Horus's Steed,
,,,,,,,,,,,,,,,,,,,,,,Nubemhat,Ranefer,,,,,,,,,,,,,,,,,,Blood of Anhur,,,,,,,Wrath of Apesh,Blade of Selkis,Reshep's Khopesh,,Osiris's Javelin,,,Khesfu's Spear,Serket,,,,Fist of Amon-Ra,,,,,,,Set's Khopesh,Voice of Ra,,Voice of Ra,
,,,,,,,,,,,,,,,,,,,,,,Nubemiunu,Sahure,,,,,,,,,,,,,,,,,,Maahes's Khopesh,,,,,,,Serapis's Shield,Ra's Spear,Asti's Chariot,,Fist of Amon-Ra,,,Apesh's Dagger,Wenenu,,,,Blade of Selkis,,,,,,,Selkis's Vigil,Will of Horus,,Will of Horus,
,,,,,,,,,,,,,,,,,,,,,,Nubemweskhet,Sasobek,,,,,,,,,,,,,,,,,,Fist of Horus,,,,,,,Pelican's Javelin,Set's Rage,Wrath of Anti,,Bastet's Spear,,,Harmachis's Fury,An-mut-f,,,,Horus's Arrow,,,,,,,Neith's Khopesh,Spirit of Khentkaus,,Spirit of Khentkaus,
,,,,,,,,,,,,,,,,,,,,,,Nubhetepti,Seb,,,,,,,,,,,,,,,,,,Blade of Hetemit,,,,,,,Apesh's Javelin,Wrath of Montu,Dagger of Kebehut,,Blood of Osiris,,,Astarte's Shield,Ptah-hotep,,,,Fist of Osiris,,,,,,,Blade of Amon,Spirit of Djedre,,Spirit of Djedre,
,,,,,,,,,,,,,,,,,,,,,,Nubkhaes,Sebekemhab,,,,,,,,,,,,,,,,,,Menhit's Khopesh,,,,,,,Anuke's Dagger,Fist of Amon-Ra,Apis's Rage,,Amon-Ra's Spear,,,Khesfu's Arrow,Renpet,,,,Fist of Ra,,,,,,,Blood of Anubis,Ra's Barque,,Ra's Barque,
,,,,,,,,,,,,,,,,,,,,,,Nubkhesbed,Sekhemkare,,,,,,,,,,,,,,,,,,Selkis's Shield,,,,,,,Kebehut's Arrow,Selkis's Javelin,Anhefta's Khopesh,,Amon's Shield,,,Kebehut's Javelin,Ahti,,,,Blood of Sekhmet,,,,,,,Sekhmet's Chariot,Nephthys's Chariot,,Nephthys's Chariot,
,,,,,,,,,,,,,,,,,,,,,,Nubwenet,Sekhemrekhutawy,,,,,,,,,,,,,,,,,,Wrath of Anubis,,,,,,,Setcheh's Rage,Fist of Anhur,Wrath of Denwen,,Blood of Menhit,,,Blood of Wepset,Nefertum,,,,Aten's Shield,,,,,,,Hetemit's Javelin,Word of Isis,,Word of Isis,
,,,,,,,,,,,,,,,,,,,,,,Parerenpetnefer,Sekhemreshedwaset,,,,,,,,,,,,,,,,,,Montu's Vigil,,,,,,,Dagger of Apep,Sekhmet's Spear,Hedetet's Javelin,,Fist of Maahes,,,Setcheh's Spear,Tayt,,,,Montu's Khopesh,,,,,,,Sekhmet's Javelin,Nephthys's Steed,,Nephthys's Steed,
,,,,,,,,,,,,,,,,,,,,,,Patareshnes,Senbi,,,,,,,,,,,,,,,,,,Sobek's Vigil,,,,,,,Blade of Baal,Amon's Spear,Meretseger's Spear,,Dagger of Montu,,,Wrath of Khefthernebes,Shemat-Khu,,,,Neith's Javelin,,,,,,,Blade of Horus,Voice of Isis,,Voice of Isis,
,,,,,,,,,,,,,,,,,,,,,,Penebui,Senenmut,,,,,,,,,,,,,,,,,,Dagger of Sobek,,,,,,,Blood of Pelican,Horus's Chariot,Nehebu-Kau's Spear,,Bastet's Shield,,,Khefthernebes's Javelin,Ishtar,,,,Hetemit's Shield,,,,,,,Sekhmet's Fury,Spirit of Osiris,,Spirit of Osiris,
,,,,,,,,,,,,,,,,,,,,,,Persenet,Sennefer,,,,,,,,,,,,,,,,,,Fist of Osiris,,,,,,,Dagger of Taweret,Sobek's Arrow,Blade of Anuke,,Anubis's Shield,,,Blade of Khesfu,Matit,,,,Dagger of Selkis,,,,,,,Amon-Ra's Vigil,Breath of Neferefre,,Breath of Neferefre,
,,,,,,,,,,,,,,,,,,,,,,Peseshet,Senusret,,,,,,,,,,,,,,,,,,Amon-Ra's Shield,,,,,,,Wrath of Heryshaf,Neith's Dagger,Wrath of Besna,,Sekhmet's Fury,,,Fist of Apep,Ba'alat Gebal,,,,Wrath of Anhur,,,,,,,Maahes's Vigil,Spirit of Horus,,Spirit of Horus,
,,,,,,,,,,,,,,,,,,,,,,Ptahneferu,Setna,,,,,,,,,,,,,,,,,,Blade of Horus,,,,,,,Harmachis's Khopesh,Blood of Aten,Hedetet's Arrow,,Fist of Selkis,,,Pelican's Chariot,Heset,,,,Wrath of Maahes,,,,,,,Fist of Montu,Osiris's Steed,,Osiris's Steed,
,,,,,,,,,,,,,,,,,,,,,,Pypuy,Setne,,,,,,,,,,,,,,,,,,Osiris's Rage,,,,,,,Taweret's Spear,Sobek's Javelin,Khefthernebes's Fury,,Amon-Ra's Javelin,,,Ta-Bijet's Vigil,Temtith,,,,Montu's Javelin,,,,,,,Aten's Spear,Apep's Barque,,Apep's Barque,
,,,,,,,,,,,,,,,,,,,,,,Qalhata,Shabaka,,,,,,,,,,,,,,,,,,Osiris's Arrow,,,,,,,Wrath of Wepwawet,Montu's Chariot,Buchis's Vigil,,Blade of Amon,,,Fist of Khesfu,Setcheh,,,,Blade of Hetemit,,,,,,,Ra's Spear,Khufu's Steed,,Khufu's Steed,
,,,,,,,,,,,,,,,,,,,,,,Rekhetre,Shepseskare,,,,,,,,,,,,,,,,,,Amon-Ra's Spear,,,,,,,Astarte's Fury,Dagger of Amon,Reshep's Rage,,Blood of Anubis,,,Wrath of Mehen,Sed,,,,Ra's Spear,,,,,,,Maahes's Fury,Will of Nephthys,,Will of Nephthys,
,,,,,,,,,,,,,,,,,,,,,,Renesres,Siamun,,,,,,,,,,,,,,,,,,Osiris's Shield,,,,,,,Taweret's Khopesh,Anubis's Rage,Ammit's Spear,,Aten's Javelin,,,Ahti's Rage,Fa,,,,Wrath of Montu,,,,,,,Aten's Javelin,Word of Horus,,Word of Horus,
,,,,,,,,,,,,,,,,,,,,,,Renmet-setesh,Siharnedjheritef,,,,,,,,,,,,,,,,,,Fist of Bastet,,,,,,,Apep's Javelin,Bastet's Spear,Blade of Harmachis,,Montu's Spear,,,Anhefta's Javelin,Nefer Hor,,,,Blade of Sobek,,,,,,,Fist of Anhur,Breath of Khonsu,,Breath of Khonsu,
,,,,,,,,,,,,,,,,,,,,,,Renpetnefer,Smenkhkare,,,,,,,,,,,,,,,,,,Maahes's Rage,,,,,,,Wrath of Baal,Neith's Chariot,Anat's Khopesh,,Blood of Horus,,,Blood of Apep,Petbe,,,,Dagger of Sobek,,,,,,,Fist of Anubis,Isis's Chariot,,Isis's Chariot,
,,,,,,,,,,,,,,,,,,,,,,Satiah,Sneferu,,,,,,,,,,,,,,,,,,Montu's Spear,,,,,,,Seblumeker's Vigil,Amon-Ra's Javelin,Buchis's Fury,,Fist of Horus,,,Fist of Anuke,Sepes,,,,Amon-Ra's Vigil,,,,,,,Amon-Ra's Spear,Mahen's Command,,Mahen's Command,
,,,,,,,,,,,,,,,,,,,,,,Satsobek,Sobekemsaf,,,,,,,,,,,,,,,,,,Neith's Dagger,,,,,,,Apesh's Vigil,Osiris's Chariot,Fist of Besna,,Menhit's Fury,,,Dagger of Anuke,Ipy,,,,Dagger of Neith,,,,,,,Anubis's Shield,Djedre's Steed,,Djedre's Steed,
,,,,,,,,,,,,,,,,,,,,,,Sehener,Tao,,,,,,,,,,,,,,,,,,Dagger of Amon,,,,,,,Serket's Fury,Fist of Horus,Fist of Anhefta,,Blade of Aten,,,Baal's Javelin,Renenet,,,,Amon's Khopesh,,,,,,,Amon's Spear,Will of Hor-Aha,,Will of Hor-Aha,
,,,,,,,,,,,,,,,,,,,,,,Semat,Tefnakht,,,,,,,,,,,,,,,,,,Amon-Ra's Rage,,,,,,,Kebehut's Vigil,Fist of Sobek,Wrath of Wepset,,Blood of Sekhmet,,,Blade of Wepwawet,Harmachis,,,,Amon's Arrow,,,,,,,Amon-Ra's Javelin,Breath of Isis,,Breath of Isis,
,,,,,,,,,,,,,,,,,,,,,,Senebhenas,Temhotep,,,,,,,,,,,,,,,,,,Anubis's Arrow,,,,,,,Anat's Spear,Sekhmet's Fury,Hetepes-Sekhus's Chariot,,Neith's Spear,,,Buchis's Shield,Apedemak,,,,Blood of Anhur,,,,,,,Neith's Shield,Will of Djedre,,Will of Djedre,
,,,,,,,,,,,,,,,,,,,,,,Senebtisi,Teos,,,,,,,,,,,,,,,,,,Blade of Selkis,,,,,,,Dagger of Buchis,Dagger of Osiris,Harmachis's Javelin,,Sekhmet's Vigil,,,Ammit's Dagger,Dedun,,,,Selkis's Javelin,,,,,,,Amon's Khopesh,Voice of Nyuserre Ini,,Voice of Nyuserre Ini,
,,,,,,,,,,,,,,,,,,,,,,Seshemetka,Thamphthis,,,,,,,,,,,,,,,,,,Hetemit's Shield,,,,,,,Shentayet's Chariot,Montu's Shield,Harmachis's Shield,,Ra's Shield,,,Shentayet's Rage,Anit,,,,Blood of Horus,,,,,,,Fist of Sekhmet,Hetepheres's Command,,Hetepheres's Command,
,,,,,,,,,,,,,,,,,,,,,,Sesheset,Tutankhamun,,,,,,,,,,,,,,,,,,Maahes's Fury,,,,,,,Dagger of Khefthernebes,Blade of Aten,Apep's Shield,,Sobek's Arrow,,,Fist of Heryshaf,Sehith,,,,Amon's Spear,,,,,,,Sobek's Arrow,Apep's Chariot,,Apep's Chariot,
,,,,,,,,,,,,,,,,,,,,,,Setepenre,Tutankhaten,,,,,,,,,,,,,,,,,,Blade of Sobek,,,,,,,Hedetet's Spear,Montu's Khopesh,Taweret's Rage,,Blood of Selkis,,,Amu-Aa's Vigil,Nebt-Khu,,,,Set's Rage,,,,,,,Sekhmet's Vigil,Breath of Neferirkare,,Breath of Neferirkare,
,,,,,,,,,,,,,,,,,,,,,,Sha-amun-en-su,Tutu,,,,,,,,,,,,,,,,,,Amon's Arrow,,,,,,,Khentekhtai's Dagger,Anhur's Rage,Ta-Bijet's Fury,,Wrath of Selkis,,,Wrath of Ta-Bijet,Amn,,,,Bastet's Vigil,,,,,,,Blood of Menhit,Breath of Nyuserre Ini,,Breath of Nyuserre Ini,
,,,,,,,,,,,,,,,,,,,,,,Shehiryotes,Usercherês,,,,,,,,,,,,,,,,,,Amon's Vigil,,,,,,,Dagger of Anhefta,Wrath of Ra,Wepset's Javelin,,Wrath of Maahes,,,Meretseger's Rage,Qebui,,,,Selkis's Shield,,,,,,,Sekhmet's Dagger,Nyuserre Ini's Steed,,Nyuserre Ini's Steed,
,,,,,,,,,,,,,,,,,,,,,,Shepset-ipet,Userkare,,,,,,,,,,,,,,,,,,Blood of Osiris,,,,,,,Denwen's Javelin,Selkis's Spear,Mehen's Dagger,,Fist of Bastet,,,Apis's Shield,Female,,,,Blood of Selkis,,,,,,,Wrath of Maahes,Breath of Osiris,,Breath of Osiris,
,,,,,,,,,,,,,,,,,,,,,,Sheretnebty,Wadjenes,,,,,,,,,,,,,,,,,,Ra's Fury,,,,,,,Serapis's Khopesh,Dagger of Bastet,Ahti's Spear,,Amon-Ra's Dagger,,,Fist of Wepwawet,Am-heh,,,,Fist of Horus,,,,,,,Neith's Spear,Khentkaus's Chariot,,Khentkaus's Chariot,
,,,,,,,,,,,,,,,,,,,,,,Sinuhe,Wadjitefni,,,,,,,,,,,,,,,,,,Anubis's Dagger,,,,,,,Dagger of Serapis,Amon's Khopesh,Kebehut's Shield,,Anubis's Fury,,,Mehen's Chariot,Apet,,,,Anubis's Arrow,,,,,,,Osiris's Arrow,Spirit of Apep,,Spirit of Apep,
,,,,,,,,,,,,,,,,,,,,,,Sitamun,,,,,,,,,,,,,,,,,,,Anhur's Vigil,,,,,,,Hedetet's Khopesh,Aten's Khopesh,Heryshaf's Arrow,,Ra's Spear,,,Ta-Bijet's Javelin,Rekhit,,,,Maahes's Fury,,,,,,,Selkis's Shield,Word of Mahen,,Word of Mahen,
,,,,,,,,,,,,,,,,,,,,,,Sitdjehuti,,,,,,,,,,,,,,,,,,,Amon's Fury,,,,,,,Astarte's Vigil,Neith's Arrow,Serket's Vigil,,Ra's Khopesh,,,Apesh's Shield,Nakith,,,,Wrath of Neith,,,,,,,Dagger of Aten,Neferefre's Steed,,Neferefre's Steed,
,,,,,,,,,,,,,,,,,,,,,,Sithathor,,,,,,,,,,,,,,,,,,,Dagger of Maahes,,,,,,,Dagger of Heptet,Sobek's Vigil,Fist of Nehebu-Kau,,Set's Fury,,,Am-heh's Rage,Seker,,,,Ra's Khopesh,,,,,,,Horus's Rage,Breath of Khentkaus,,Breath of Khentkaus,
,,,,,,,,,,,,,,,,,,,,,,Sithathoriunet,,,,,,,,,,,,,,,,,,,Sekhmet's Javelin,,,,,,,Baal's Dagger,Montu's Arrow,Seblumeker's Dagger,,Neith's Shield,,,Serket's Arrow,Seshat,,,,Horus's Vigil,,,,,,,Blade of Selkis,Word of Neferirkare,,Word of Neferirkare,
,,,,,,,,,,,,,,,,,,,,,,Sitre,,,,,,,,,,,,,,,,,,,Montu's Dagger,,,,,,,Blood of Apis,Wrath of Anhur,Khentekhtai's Chariot,,Amon's Fury,,,Anti's Vigil,Naunet,,,,Fist of Anhur,,,,,,,Fist of Sobek,Khonsu's Chariot,,Khonsu's Chariot,
,,,,,,,,,,,,,,,,,,,,,,Sobekemsaf,,,,,,,,,,,,,,,,,,,Sekhmet's Spear,,,,,,,Blade of Setcheh,Fist of Anubis,Blood of Khesfu,,Aten's Fury,,,Hedetet's Fury,Iah,,,,Blood of Anubis,,,,,,,Aten's Vigil,Breath of Den,,Breath of Den,
,,,,,,,,,,,,,,,,,,,,,,Sobekneferu,,,,,,,,,,,,,,,,,,,Fist of Selkis,,,,,,,Serket's Javelin,Maahes's Khopesh,Blade of Shemat-Khu,,Dagger of Amon-Ra,,,Shesmetet's Fury,Ta-Bitjet,,,,Amon's Javelin,,,,,,,Aten's Khopesh,Will of Khafre,,Will of Khafre,
,,,,,,,,,,,,,,,,,,,,,,Takhat,,,,,,,,,,,,,,,,,,,Aten's Shield,,,,,,,Setcheh's Dagger,Blood of Menhit,Serapis's Arrow,,Osiris's Khopesh,,,Fist of Shentayet,Hapy-Wet,,,,Blood of Hetemit,,,,,,,Fist of Bastet,Horus's Chariot,,Horus's Chariot,
,,,,,,,,,,,,,,,,,,,,,,Tati,,,,,,,,,,,,,,,,,,,Neith's Arrow,,,,,,,Blood of Reshep,Menhit's Spear,Blade of Mehen,,Bastet's Javelin,,,Harmachis's Chariot,Reshep,,,,Hetemit's Spear,,,,,,,Horus's Arrow,Khafre's Barque,,Khafre's Barque,
,,,,,,,,,,,,,,,,,,,,,,Tawret,,,,,,,,,,,,,,,,,,,Aten's Vigil,,,,,,,Hedetet's Dagger,Wrath of Maahes,Fist of Ishtar,,Dagger of Neith,,,Anuke's Khopesh,Shehbui,,,,Fist of Aten,,,,,,,Sobek's Khopesh,Breath of Neferirkare,,Breath of Neferirkare,
,,,,,,,,,,,,,,,,,,,,,,Tentamun,,,,,,,,,,,,,,,,,,,Aten's Arrow,,,,,,,Wrath of Serket,Blood of Horus,Buchis's Javelin,,Horus's Shield,,,Serket's Dagger,Mandulis,,,,Sekhmet's Spear,,,,,,,Horus's Shield,Den's Steed,,Den's Steed,
,,,,,,,,,,,,,,,,,,,,,,Tiaa,,,,,,,,,,,,,,,,,,,Fist of Sekhmet,,,,,,,Wepset's Dagger,Blade of Ra,Astarte's Spear,,Wrath of Ra,,,Blood of Taweret,Swenet,,,,Set's Chariot,,,,,,,Amon-Ra's Dagger,Horus's Command,,Horus's Command,
,,,,,,,,,,,,,,,,,,,,,,Tia-Sitra,,,,,,,,,,,,,,,,,,,Maahes's Javelin,,,,,,,Asti's Shield,Horus's Rage,Wrath of Pelican,,Ra's Vigil,,,Buchis's Khopesh,Tafner,,,,Blade of Set,,,,,,,Fist of Horus,Ptahshepses's Chariot,,Ptahshepses's Chariot,
,,,,,,,,,,,,,,,,,,,,,,Tiye,,,,,,,,,,,,,,,,,,,Menhit's Chariot,,,,,,,Pelican's Fury,Wrath of Amon-Ra,Mehen's Shield,,Horus's Vigil,,,Serapis's Rage,Khefthernebes,,,,Sekhmet's Fury,,,,,,,Fist of Amon-Ra,Will of Apep,,Will of Apep,
,,,,,,,,,,,,,,,,,,,,,,Tjesraperet,,,,,,,,,,,,,,,,,,,Sekhmet's Vigil,,,,,,,Khentekhtai's Spear,Amon-Ra's Vigil,Anuke's Fury,,Wrath of Amon-Ra,,,Heptet's Khopesh,Mehet-Weret,,,,Maahes's Chariot,,,,,,,Ra's Shield,Word of Hor-Aha,,Word of Hor-Aha,
,,,,,,,,,,,,,,,,,,,,,,Tjuyu,,,,,,,,,,,,,,,,,,,Sobek's Fury,,,,,,,Wepset's Vigil,Montu's Vigil,Nehebu-Kau's Javelin,,Blade of Amon-Ra,,,Apis's Spear,Tjenenyet,,,,Blood of Menhit,,,,,,,Dagger of Montu,Breath of Hetepheres,,Breath of Hetepheres,
,,,,,,,,,,,,,,,,,,,,,,Tsillah,,,,,,,,,,,,,,,,,,,Maahes's Dagger,,,,,,,Dagger of Wepset,Horus's Shield,Shemat-Khu's Spear,,Fist of Montu,,,Shesmetet's Vigil,Ba-Pef,,,,Wrath of Anubis,,,,,,,Osiris's Shield,Khentkaus's Command,,Khentkaus's Command,
,,,,,,,,,,,,,,,,,,,,,,Tuya,,,,,,,,,,,,,,,,,,,Fist of Aten,,,,,,,Dagger of Apis,Amon-Ra's Shield,Fist of Apis,,Aten's Khopesh,,,Heryshaf's Dagger,Heneb,,,,Dagger of Amon-Ra,,,,,,,Aten's Dagger,Breath of Nephthys,,Breath of Nephthys,
,,,,,,,,,,,,,,,,,,,,,,Tuya-Nebettawy,,,,,,,,,,,,,,,,,,,Wrath of Amon-Ra,,,,,,,Hedetet's Rage,Set's Khopesh,Heptet's Chariot,,Fist of Sekhmet,,,Asti's Spear,Sopd,,,,Anhur's Khopesh,,,,,,,Fist of Ra,Word of Senusret,,Word of Senusret,
,,,,,,,,,,,,,,,,,,,,,,Twosret,,,,,,,,,,,,,,,,,,,Osiris's Chariot,,,,,,,Dagger of Shentayet,Horus's Spear,Shesmetet's Dagger,,Wrath of Neith,,,Khesfu's Khopesh,Harsomtus,,,,Sobek's Spear,,,,,,,Amon's Arrow,Word of Nephthys,,Word of Nephthys,
,,,,,,,,,,,,,,,,,,,,,,Werenro,,,,,,,,,,,,,,,,,,,Bastet's Javelin,,,,,,,Anhefta's Dagger,Selkis's Shield,Wrath of Apep,,Neith's Chariot,,,Wepwawet's Vigil,Iusaaset,,,,Osiris's Khopesh,,,,,,,Osiris's Rage,Word of Khonsu,,Word of Khonsu,
,,,,,,,,,,,,,,,,,,,,,,Zathapy,,,,,,,,,,,,,,,,,,,Blade of Neith,,,,,,,Shentayet's Dagger,Dagger of Selkis,Anti's Rage,,Horus's Arrow,,,Harmachis's Spear,Rā-Ḥerakhty,,,,Sekhmet's Dagger,,,,,,,Set's Chariot,Nyuserre Ini's Chariot,,Nyuserre Ini's Chariot,
,,,,,,,,,,,,,,,,,,,,,,Zatipy,,,,,,,,,,,,,,,,,,,Dagger of Neith,,,,,,,Shemat-Khu's Arrow,Sekhmet's Dagger,Apep's Dagger,,Maahes's Chariot,,,Anti's Chariot,Serapis,,,,Osiris's Shield,,,,,,,Dagger of Osiris,Will of Hetepheres,,Will of Hetepheres,
,,,,,,,,,,,,,,,,,,,,,,,,,,,,,,,,,,,,,,,,,Blood of Anubis,,,,,,,Shentayet's Fury,Horus's Fury,Aani's Spear,,Maahes's Dagger,,,Am-heh's Shield,Bes,,,,Osiris's Rage,,,,,,,Menhit's Spear,Osiris's Chariot,,Osiris's Chariot,
,,,,,,,,,,,,,,,,,,,,,,,,,,,,,,,,,,,,,,,,,Sobek's Shield,,,,,,,Fist of Serket,Aten's Arrow,Besna's Khopesh,,Blood of Aten,,,Ahti's Khopesh,Denwen,,,,Montu's Vigil,,,,,,,Hetemit's Spear,Djedre's Chariot,,Djedre's Chariot,
,,,,,,,,,,,,,,,,,,,,,,,,,,,,,,,,,,,,,,,,,Sobek's Arrow,,,,,,,Ahti's Chariot,Amon-Ra's Rage,Ahti's Arrow,,Blood of Hetemit,,,Shemat-Khu's Khopesh,Khentekhtai,,,,Blade of Amon-Ra,,,,,,,Sobek's Spear,Voice of Mahen,,Voice of Mahen,
,,,,,,,,,,,,,,,,,,,,,,,,,,,,,,,,,,,,,,,,,Amon's Khopesh,,,,,,,Anti's Fury,Blade of Horus,Wrath of Heptet,,Dagger of Set,,,Reshep's Fury,Nehebu-Kau,,,,Dagger of Set,,,,,,,Dagger of Bastet,Voice of Khentkaus,,Voice of Khentkaus,
,,,,,,,,,,,,,,,,,,,,,,,,,,,,,,,,,,,,,,,,,Neith's Fury,,,,,,,Anti's Dagger,Ra's Chariot,Blood of Wepwawet,,Bastet's Vigil,,,Fist of Baal,Ḥapy,,,,Dagger of Maahes,,,,,,,Set's Fury,Voice of Hetepheres,,Voice of Hetepheres,
,,,,,,,,,,,,,,,,,,,,,,,,,,,,,,,,,,,,,,,,,Blade of Sekhmet,,,,,,,Setcheh's Fury,Ra's Khopesh,Anuke's Rage,,Horus's Spear,,,Dagger of Ishtar,Sekhet-Metu,,,,Sobek's Javelin,,,,,,,Aten's Fury,Word of Khentkaus,,Word of Khentkaus,
,,,,,,,,,,,,,,,,,,,,,,,,,,,,,,,,,,,,,,,,,Wrath of Maahes,,,,,,,Aani's Arrow,Fist of Selkis,Baal's Arrow,,Blade of Set,,,Ahti's Fury,Setem,,,,Anhur's Vigil,,,,,,,Fist of Selkis,Breath of Khafre,,Breath of Khafre,
,,,,,,,,,,,,,,,,,,,,,,,,,,,,,,,,,,,,,,,,,Aten's Fury,,,,,,,Wrath of Seblumeker,Maahes's Rage,Denwen's Khopesh,,Neith's Arrow,,,Mehen's Spear,Hetepes-Sekhus,,,,Montu's Fury,,,,,,,Sobek's Javelin,Voice of Neferefre,,Voice of Neferefre,
,,,,,,,,,,,,,,,,,,,,,,,,,,,,,,,,,,,,,,,,,Anhur's Rage,,,,,,,Besna's Rage,Bastet's Javelin,Wrath of Shesmetet,,Set's Rage,,,Hedetet's Chariot,Dionysus-Osiris,,,,Maahes's Vigil,,,,,,,Ra's Vigil,Breath of Mahen,,Breath of Mahen,
,,,,,,,,,,,,,,,,,,,,,,,,,,,,,,,,,,,,,,,,,Selkis's Chariot,,,,,,,Aani's Vigil,Blade of Sekhmet,Hetepes-Sekhus's Arrow,,Sekhmet's Chariot,,,Wrath of Buchis,Henkhisesui,,,,Montu's Dagger,,,,,,,Montu's Vigil,Spirit of Khonsu,,Spirit of Khonsu,
,,,,,,,,,,,,,,,,,,,,,,,,,,,,,,,,,,,,,,,,,Wrath of Montu,,,,,,,Asti's Javelin,Sobek's Shield,Amu-Aa's Fury,,Fist of Sobek,,,Setcheh's Shield,Andjety,,,,Fist of Menhit,,,,,,,Blood of Amon-Ra,Kagemni's Barque,,Kagemni's Barque,
,,,,,,,,,,,,,,,,,,,,,,,,,,,,,,,,,,,,,,,,,Hetemit's Rage,,,,,,,Hedetet's Shield,Set's Chariot,Wrath of Anhefta,,Neith's Javelin,,,Blood of Serket,Qererti,,,,Wrath of Amon-Ra,,,,,,,Blood of Osiris,Spirit of Ptahshepses,,Spirit of Ptahshepses,
,,,,,,,,,,,,,,,,,,,,,,,,,,,,,,,,,,,,,,,,,Dagger of Aten,,,,,,,Blade of Anti,Neith's Shield,Nehebu-Kau's Khopesh,,Sobek's Javelin,,,Baal's Vigil,Anti,,,,Maahes's Dagger,,,,,,,Wrath of Anubis,Den's Command,,Den's Command,
,,,,,,,,,,,,,,,,,,,,,,,,,,,,,,,,,,,,,,,,,Neith's Shield,,,,,,,Wepset's Spear,Hetemit's Rage,Serket's Chariot,,Sekhmet's Spear,,,Wrath of Hetepes-Sekhus,Shezmu,,,,Aten's Vigil,,,,,,,Maahes's Rage,Ptahshepses's Barque,,Ptahshepses's Barque,
,,,,,,,,,,,,,,,,,,,,,,,,,,,,,,,,,,,,,,,,,Sekhmet's Fury,,,,,,,Heptet's Arrow,Anhur's Vigil,Reshep's Chariot,,Amon-Ra's Shield,,,Dagger of Wepwawet,Khenti-Amenti,,,,Menhit's Javelin,,,,,,,Fist of Menhit,Senusret's Chariot,,Senusret's Chariot,
,,,,,,,,,,,,,,,,,,,,,,,,,,,,,,,,,,,,,,,,,Neith's Rage,,,,,,,Ishtar's Rage,Montu's Fury,Blade of Ammit,,Dagger of Selkis,,,Anti's Khopesh,Ba,,,,Amon-Ra's Rage,,,,,,,Montu's Shield,Khentkaus's Barque,,Khentkaus's Barque,
,,,,,,,,,,,,,,,,,,,,,,,,,,,,,,,,,,,,,,,,,Set's Khopesh,,,,,,,Anat's Rage,Bastet's Vigil,Kebehut's Rage,,Montu's Javelin,,,Heptet's Fury,Seta-Ta,,,,Amon's Fury,,,,,,,Anubis's Fury,Will of Osiris,,Will of Osiris,
,,,,,,,,,,,,,,,,,,,,,,,,,,,,,,,,,,,,,,,,,Neith's Chariot,,,,,,,Wrath of Meretseger,Maahes's Vigil,Hedetet's Vigil,,Blade of Sekhmet,,,Nehebu-Kau's Vigil,Amu-Aa,,,,Dagger of Montu,,,,,,,Blade of Osiris,Djedre's Command,,Djedre's Command,
,,,,,,,,,,,,,,,,,,,,,,,,,,,,,,,,,,,,,,,,,,,,,,,,Seblumeker's Spear,,Mehen's Fury,,,,,Shentayet's Arrow,Hardedef,,,,,,,,,,,,Will of Mahen,,Will of Mahen,
,,,,,,,,,,,,,,,,,,,,,,,,,,,,,,,,,,,,,,,,,,,,,,,,Pelican's Vigil,,Wrath of Reshep,,,,,Serket's Rage,Nebt-Ankhiu,,,,,,,,,,,,Isis's Command,,Isis's Command,
,,,,,,,,,,,,,,,,,,,,,,,,,,,,,,,,,,,,,,,,,,,,,,,,Shentayet's Javelin,,Dagger of Harmachis,,,,,Heptet's Spear,Kagemni,,,,,,,,,,,,Voice of Djedre,,Voice of Djedre,
,,,,,,,,,,,,,,,,,,,,,,,,,,,,,,,,,,,,,,,,,,,,,,,,Buchis's Rage,,Asti's Dagger,,,,,Pelican's Arrow,Qebeḥsenuf,,,,,,,,,,,,Will of Khonsu,,Will of Khonsu,
,,,,,,,,,,,,,,,,,,,,,,,,,,,,,,,,,,,,,,,,,,,,,,,,Reshep's Arrow,,Nehebu-Kau's Chariot,,,,,Seblumeker's Arrow,Mehen,,,,,,,,,,,,Voice of Neferirkare,,Voice of Neferirkare,
,,,,,,,,,,,,,,,,,,,,,,,,,,,,,,,,,,,,,,,,,,,,,,,,Ahti's Shield,,Blade of Anat,,,,,Blade of Serket,Themath,,,,,,,,,,,,Will of Neferirkare,,Will of Neferirkare,
,,,,,,,,,,,,,,,,,,,,,,,,,,,,,,,,,,,,,,,,,,,,,,,,Khefthernebes's Shield,,Blood of Shentayet,,,,,Kebehut's Spear,Kneph,,,,,,,,,,,,Spirit of Neferefre,,Spirit of Neferefre,
,,,,,,,,,,,,,,,,,,,,,,,,,,,,,,,,,,,,,,,,,,,,,,,,Blood of Anhefta,,Denwen's Arrow,,,,,Shentayet's Khopesh,Ken,,,,,,,,,,,,Den's Chariot,,Den's Chariot,
,,,,,,,,,,,,,,,,,,,,,,,,,,,,,,,,,,,,,,,,,,,,,,,,Besna's Dagger,,Nehebu-Kau's Rage,,,,,Ahti's Dagger,Buchis,,,,,,,,,,,,Osiris's Barque,,Osiris's Barque,
,,,,,,,,,,,,,,,,,,,,,,,,,,,,,,,,,,,,,,,,,,,,,,,,Am-heh's Spear,,Taweret's Chariot,,,,,Serapis's Fury,Apis,,,,,,,,,,,,Mahen's Steed,,Mahen's Steed,
,,,,,,,,,,,,,,,,,,,,,,,,,,,,,,,,,,,,,,,,,,,,,,,,Shesmetet's Shield,,Dagger of Seblumeker,,,,,Seblumeker's Chariot,Anuke,,,,,,,,,,,,,,,
,,,,,,,,,,,,,,,,,,,,,,,,,,,,,,,,,,,,,,,,,,,,,,,,Mehen's Khopesh,,Wepwawet's Javelin,,,,,Ahti's Javelin,Sebeg,,,,,,,,,,,,,,,
,,,,,,,,,,,,,,,,,,,,,,,,,,,,,,,,,,,,,,,,,,,,,,,,Fist of Serapis,,Astarte's Javelin,,,,,Seblumeker's Javelin,Aani,,,,,,,,,,,,,,,
,,,,,,,,,,,,,,,,,,,,,,,,,,,,,,,,,,,,,,,,,,,,,,,,Wepwawet's Chariot,,Dagger of Heryshaf,,,,,Ammit's Vigil,Sia,,,,,,,,,,,,,,,
,,,,,,,,,,,,,,,,,,,,,,,,,,,,,,,,,,,,,,,,,,,,,,,,Amu-Aa's Javelin,,Blood of Ahti,,,,,Ishtar's Fury,Iat,,,,,,,,,,,,,,,
,,,,,,,,,,,,,,,,,,,,,,,,,,,,,,,,,,,,,,,,,,,,,,,,Shentayet's Shield,,Kebehut's Fury,,,,,Wrath of Ahti,Hatmehit,,,,,,,,,,,,,,,
,,,,,,,,,,,,,,,,,,,,,,,,,,,,,,,,,,,,,,,,,,,,,,,,Dagger of Mehen,,Besna's Arrow,,,,,Denwen's Spear,Haurun,,,,,,,,,,,,,,,
,,,,,,,,,,,,,,,,,,,,,,,,,,,,,,,,,,,,,,,,,,,,,,,,Dagger of Ammit,,Fist of Shemat-Khu,,,,,Reshep's Spear,Nebt-Setau,,,,,,,,,,,,,,,
,,,,,,,,,,,,,,,,,,,,,,,,,,,,,,,,,,,,,,,,,,,,,,,,Apep's Khopesh,,Blood of Kebehut,,,,,Ammit's Rage,Djebuty,,,,,,,,,,,,,,,
,,,,,,,,,,,,,,,,,,,,,,,,,,,,,,,,,,,,,,,,,,,,,,,,Serapis's Vigil,,Dagger of Reshep,,,,,Ammit's Shield,Ha,,,,,,,,,,,,,,,
,,,,,,,,,,,,,,,,,,,,,,,,,,,,,,,,,,,,,,,,,,,,,,,,Wrath of Shemat-Khu,,Blade of Ta-Bijet,,,,,Wepwawet's Fury,Perit,,,,,,,,,,,,,,,
,,,,,,,,,,,,,,,,,,,,,,,,,,,,,,,,,,,,,,,,,,,,,,,,Hetepes-Sekhus's Javelin,,Anat's Fury,,,,,Blood of Seblumeker,Djefa,,,,,,,,,,,,,,,
,,,,,,,,,,,,,,,,,,,,,,,,,,,,,,,,,,,,,,,,,,,,,,,,Blood of Khefthernebes,,Blood of Baal,,,,,Apis's Fury,Maahes,,,,,,,,,,,,,,,
,,,,,,,,,,,,,,,,,,,,,,,,,,,,,,,,,,,,,,,,,,,,,,,,Setcheh's Arrow,,Setcheh's Vigil,,,,,Heryshaf's Vigil,Pakhet,,,,,,,,,,,,,,,
,,,,,,,,,,,,,,,,,,,,,,,,,,,,,,,,,,,,,,,,,,,,,,,,Blood of Wepset,,Harmachis's Arrow,,,,,Heptet's Javelin,Tefnut,,,,,,,,,,,,,,,
,,,,,,,,,,,,,,,,,,,,,,,,,,,,,,,,,,,,,,,,,,,,,,,,Blade of Khefthernebes,,Blade of Wepset,,,,,Ammit's Fury,Wadjet,,,,,,,,,,,,,,,
,,,,,,,,,,,,,,,,,,,,,,,,,,,,,,,,,,,,,,,,,,,,,,,,Am-heh's Fury,,Blood of Apesh,,,,,Buchis's Spear,Selkis,,,,,,,,,,,,,,,
,,,,,,,,,,,,,,,,,,,,,,,,,,,,,,,,,,,,,,,,,,,,,,,,Dagger of Nehebu-Kau,,Ta-Bijet's Dagger,,,,,Fist of Taweret,Nun,,,,,,,,,,,,,,,
,,,,,,,,,,,,,,,,,,,,,,,,,,,,,,,,,,,,,,,,,,,,,,,,Amu-Aa's Chariot,,Taweret's Fury,,,,,Dagger of Anti,Kek,,,,,,,,,,,,,,,
,,,,,,,,,,,,,,,,,,,,,,,,,,,,,,,,,,,,,,,,,,,,,,,,Ta-Bijet's Spear,,Blade of Shesmetet,,,,,Ta-Bijet's Rage,Nephthys,,,,,,,,,,,,,,,
,,,,,,,,,,,,,,,,,,,,,,,,,,,,,,,,,,,,,,,,,,,,,,,,Wrath of Nehebu-Kau,,Fist of Khefthernebes,,,,,Astarte's Rage,Aker,,,,,,,,,,,,,,,
,,,,,,,,,,,,,,,,,,,,,,,,,,,,,,,,,,,,,,,,,,,,,,,,Apep's Chariot,,Khentekhtai's Arrow,,,,,Ishtar's Shield,Bennu,,,,,,,,,,,,,,,
,,,,,,,,,,,,,,,,,,,,,,,,,,,,,,,,,,,,,,,,,,,,,,,,Khesfu's Vigil,,Apesh's Fury,,,,,Besna's Shield,Geb,,,,,,,,,,,,,,,
,,,,,,,,,,,,,,,,,,,,,,,,,,,,,,,,,,,,,,,,,,,,,,,,Blood of Ammit,,,,,,,Dagger of Denwen,Hapi,,,,,,,,,,,,,,,
,,,,,,,,,,,,,,,,,,,,,,,,,,,,,,,,,,,,,,,,,,,,,,,,Wepwawet's Dagger,,,,,,,Fist of Pelican,Khepri,,,,,,,,,,,,,,,
,,,,,,,,,,,,,,,,,,,,,,,,,,,,,,,,,,,,,,,,,,,,,,,,Besna's Spear,,,,,,,Shemat-Khu's Shield,Khonsu,,,,,,,,,,,,,,,
,,,,,,,,,,,,,,,,,,,,,,,,,,,,,,,,,,,,,,,,,,,,,,,,Aani's Shield,,,,,,,Denwen's Dagger,Neper,,,,,,,,,,,,,,,
,,,,,,,,,,,,,,,,,,,,,,,,,,,,,,,,,,,,,,,,,,,,,,,,Blood of Hedetet,,,,,,,Anti's Arrow,Nemty,,,,,,,,,,,,,,,
,,,,,,,,,,,,,,,,,,,,,,,,,,,,,,,,,,,,,,,,,,,,,,,,Heptet's Dagger,,,,,,,Taweret's Vigil,Shu,,,,,,,,,,,,,,,
,,,,,,,,,,,,,,,,,,,,,,,,,,,,,,,,,,,,,,,,,,,,,,,,Anuke's Javelin,,,,,,,Asti's Fury,Sopdu,,,,,,,,,,,,,,,
,,,,,,,,,,,,,,,,,,,,,,,,,,,,,,,,,,,,,,,,,,,,,,,,,,,,,,,,Wadj-wer,,,,,,,,,,,,,,,
,,,,,,,,,,,,,,,,,,,,,,,,,,,,,,,,,,,,,,,,,,,,,,,,,,,,,,,,Bat,,,,,,,,,,,,,,,
,,,,,,,,,,,,,,,,,,,,,,,,,,,,,,,,,,,,,,,,,,,,,,,,,,,,,,,,Tatenen,,,,,,,,,,,,,,,